<?xml version="1.0" encoding="utf-8"?><shortcuts>
	<shortcut>
		<defaultID>x1101</defaultID>
		<label>20342</label>
		<label2>Hub 1101</label2>
		<icon>DefaultShortcut.png</icon>
		<thumb>special://profile/addon_data/script.skinshortcuts/skin.eminence.zeev-thumb-x1101.png</thumb>
		<action>ActivateWindow(1101)</action>
	</shortcut>
	<shortcut>
		<defaultID>x1102</defaultID>
		<label>20343</label>
		<label2>Hub 1102</label2>
		<icon>DefaultShortcut.png</icon>
		<thumb>special://profile/addon_data/script.skinshortcuts/skin.eminence.zeev-thumb-x1102.png</thumb>
		<action>ActivateWindow(1102)</action>
	</shortcut>
	<shortcut>
		<defaultID>5498233</defaultID>
		<label>5498233</label>
		<label2>Hub 1115</label2>
		<icon>special://skin/extras/icons/trakttv.png</icon>
		<thumb>special://profile/addon_data/script.skinshortcuts/skin.eminence.zeev-thumb-5498233.png</thumb>
		<action>ActivateWindow(1115)</action>
	</shortcut>
	<shortcut>
		<defaultID>x1112</defaultID>
		<label>$SKIN[31314|skin.eminence.zeev|VOD]</label>
		<label2>Hub 1112</label2>
		<icon>DefaultShortcut.png</icon>
		<thumb>special://profile/addon_data/script.skinshortcuts/skin.eminence.zeev-thumb-x1112.png</thumb>
		<action>ActivateWindow(1112)</action>
	</shortcut>
	<shortcut>
		<defaultID>x1113</defaultID>
		<label>$SKIN[31313|skin.eminence.zeev|ילדים]</label>
		<label2>Hub 1113</label2>
		<icon>DefaultShortcut.png</icon>
		<thumb>special://profile/addon_data/script.skinshortcuts/skin.eminence.zeev-thumb-x1113.png</thumb>
		<action>ActivateWindow(1113)</action>
	</shortcut>
	<shortcut>
		<defaultID/>
		<label>מוזיקה</label>
		<label2>Custom item</label2>
		<icon>DefaultShortcut.png</icon>
		<thumb>special://profile/addon_data/script.skinshortcuts/skin.eminence.zeev-thumb-מוזיקה.png</thumb>
		<action>ActivateWindow(Music,musicdb://,return)</action>
	</shortcut>
	<shortcut>
		<defaultID>10134</defaultID>
		<label>10134</label>
		<label2/>
		<icon>special://skin/extras/icons/favourites.png</icon>
		<thumb/>
		<action>ActivateWindow(favourites)</action>
	</shortcut>
	<shortcut>
		<defaultID>1037</defaultID>
		<label>1037</label>
		<label2>Common Shortcut</label2>
		<icon>DefaultShortcut.png</icon>
		<thumb>special://profile/addon_data/script.skinshortcuts/skin.eminence.zeev-thumb-1037.png</thumb>
		<action>ActivateWindow(Videos,Addons,return)</action>
	</shortcut>
	<shortcut>
		<defaultID>settings</defaultID>
		<label>10004</label>
		<label2>Common Shortcut</label2>
		<icon>special://skin/extras/icons/settings.png</icon>
		<thumb>special://profile/addon_data/script.skinshortcuts/skin.eminence.zeev-thumb-settings.png</thumb>
		<action>ActivateWindow(Settings)</action>
	</shortcut>
	<shortcut>
		<defaultID>power</defaultID>
		<label>33060</label>
		<label2>Common Shortcut</label2>
		<icon>DefaultShortcut.png</icon>
		<thumb>special://profile/addon_data/script.skinshortcuts/skin.eminence.zeev-thumb-power.png</thumb>
		<action>ActivateWindow(shutdownmenu)</action>
	</shortcut>
</shortcuts>