<?xml version="1.0" encoding="utf-8"?><shortcuts>
	<shortcut>
		<defaultID/>
		<label>[COLOR royalblue][B]ישראל | Israel[/B][/COLOR]</label>
		<label2>הרחבת וידאו</label2>
		<icon>DefaultShortcut.png</icon>
		<thumb>image://%2fstorage%2f.kodi%2faddons%2fplugin.video.anarchitv%2fresources%2ficons%2f%2fisrael.png/</thumb>
		<action>ActivateWindow(VideoLibrary,&quot;plugin://plugin.video.anarchitv/?url=%D7%99%D7%A9%D7%A8%D7%90%D7%9C&amp;mode=62&amp;name=%5BCOLOR+royalblue%5D%5BB%5D%D7%99%D7%A9%D7%A8%D7%90%D7%9C+%7C+Israel%5B%2FB%5D%5B%2FCOLOR%5D&amp;iconimage=%2Fstorage%2F.kodi%2Faddons%2Fplugin.video.anarchitv%2Fresources%2Ficons%2F%2Fisrael.png&quot;,return)</action>
	</shortcut>
	<shortcut>
		<defaultID>hdh-rvtshrshvn-b-colorlime-yshrl-color-b</defaultID>
		<label>HD הערוץ הראשון [B][COLOR lime] ישראל - [/COLOR][/B]</label>
		<label2>מועדף</label2>
		<icon>special://skin/extras/icons/files.png</icon>
		<thumb>special://profile/addon_data/script.skinshortcuts/skin.eminence.zeev-thumb-hdh-rvtshrshvn-b-colorlime-yshrl-color-b.png</thumb>
		<action>PlayMedia(&quot;plugin://plugin.video.anarchitv/?url=http%3A%2F%2F82.80.192.28%3A1935%2Fiba_channel-511BRepeat%2F_definst_%2Fsmil%3Achannel-511B.high.smil%2Fmanifest.m3u8&amp;mode=1&amp;name=HD+%D7%94%D7%A2%D7%A8%D7%95%D7%A5+%D7%94%D7%A8%D7%90%D7%A9%D7%95%D7%9F+%5BB%5D%5BCOLOR+lime%5D+%D7%99%D7%A9%D7%A8%D7%90%D7%9C+-+%5B%2FCOLOR%5D%5B%2FB%5D&amp;iconimage=http%3A%2F%2Fanarchitv.co%2FTV%2FLogos%2F1.png&quot;,return)</action>
	</shortcut>
	<shortcut>
		<defaultID>rvts22-b-colorlime-yshrl-color-b</defaultID>
		<label>ערוץ 22 [B][COLOR lime] ישראל - [/COLOR][/B]</label>
		<label2>מועדף</label2>
		<icon>special://skin/extras/icons/files.png</icon>
		<thumb>special://profile/addon_data/script.skinshortcuts/skin.eminence.zeev-thumb-rvts22-b-colorlime-yshrl-color-b.png</thumb>
		<action>PlayMedia(&quot;plugin://plugin.video.anarchitv/?url=http%3A%2F%2Fanarchitv.co%2Ftvv%2F2live1.m3u8&amp;mode=1&amp;name=%D7%A2%D7%A8%D7%95%D7%A5+22+%5BB%5D%5BCOLOR+lime%5D+%D7%99%D7%A9%D7%A8%D7%90%D7%9C+-+%5B%2FCOLOR%5D%5B%2FB%5D&amp;iconimage=http%3A%2F%2Fanarchitv.co%2FTV%2FLogos%2F2.png&quot;,return)</action>
	</shortcut>
	<shortcut>
		<defaultID>channel-nana-rvts10</defaultID>
		<label>(Channel) nana ערוץ 10</label>
		<label2>מועדף</label2>
		<icon>special://skin/extras/icons/files.png</icon>
		<thumb>special://profile/addon_data/script.skinshortcuts/skin.eminence.zeev-thumb-channel-nana-rvts10.png</thumb>
		<action>PlayMedia(&quot;http://nana10-hdl.ctedgecdn.net/Nana10-Live/amlst:hd_,1000,1500,1800,/playlist.m3u8#?b?b*t$&quot;,return)</action>
	</shortcut>
	<shortcut>
		<defaultID>rvts20-b-colorlime-yshrl-color-b</defaultID>
		<label>ערוץ 20 [B][COLOR lime] ישראל - [/COLOR][/B]</label>
		<label2>מועדף</label2>
		<icon>special://skin/extras/icons/files.png</icon>
		<thumb>special://profile/addon_data/script.skinshortcuts/skin.eminence.zeev-thumb-rvts20-b-colorlime-yshrl-color-b.png</thumb>
		<action>PlayMedia(&quot;plugin://plugin.video.anarchitv/?url=http%3A%2F%2Fanarchitv.co%2Fch20il.m3u8&amp;mode=1&amp;name=%D7%A2%D7%A8%D7%95%D7%A5+20+%5BB%5D%5BCOLOR+lime%5D+%D7%99%D7%A9%D7%A8%D7%90%D7%9C+-+%5B%2FCOLOR%5D%5B%2FB%5D&amp;iconimage=http%3A%2F%2Fanarchitv.co%2FTV%2FLogos%2F20.png&quot;,return)</action>
	</shortcut>
</shortcuts>