<?xml version="1.0" encoding="utf-8"?><shortcuts>
	<shortcut>
		<defaultID>22020</defaultID>
		<label>22020</label>
		<label2>טלוויזיה חיה</label2>
		<icon>special://skin/extras/icons/tv.png</icon>
		<thumb/>
		<action>ActivateWindow(TVGuide)</action>
	</shortcut>
	<shortcut>
		<defaultID>19019</defaultID>
		<label>19019</label>
		<label2>טלוויזיה חיה</label2>
		<icon>special://skin/extras/icons/tv.png</icon>
		<thumb/>
		<action>ActivateWindow(TVChannels)</action>
	</shortcut>
	<shortcut>
		<defaultID>plugin.video.anarchitv</defaultID>
		<label>[COLOR yellow]AnarchiTV[/COLOR]</label>
		<label2>הרחבת וידאו</label2>
		<icon>DefaultShortcut.png</icon>
		<thumb>special://profile/addon_data/script.skinshortcuts/skin.eminence.zeev-thumb-plugin.video.anarchitv.png</thumb>
		<action>ActivateWindow(VideoLibrary,&quot;plugin://plugin.video.anarchitv&quot;,return)</action>
	</shortcut>
	<shortcut>
		<defaultID>19163</defaultID>
		<label>19163</label>
		<label2>טלוויזיה חיה</label2>
		<icon>DefaultTVShows.png</icon>
		<thumb/>
		<action>ActivateWindow(TVRecordings)</action>
	</shortcut>
	<shortcut>
		<defaultID>19040</defaultID>
		<label>19040</label>
		<label2>טלוויזיה חיה</label2>
		<icon>DefaultTVShows.png</icon>
		<thumb/>
		<action>ActivateWindow(TVTimers)</action>
	</shortcut>
	<shortcut>
		<defaultID>137</defaultID>
		<label>137</label>
		<label2>טלוויזיה חיה</label2>
		<icon>DefaultTVShows.png</icon>
		<thumb/>
		<action>ActivateWindow(TVSearch)</action>
	</shortcut>
</shortcuts>