<?xml version="1.0" encoding="utf-8"?><shortcuts>
	<shortcut>
		<defaultID>x1101</defaultID>
		<label>20342</label>
		<label2>Hub 1101</label2>
		<icon>DefaultShortcut.png</icon>
		<thumb>special://profile/addon_data/script.skinshortcuts/skin.eminence.zeev-thumb-x1101.png</thumb>
		<action>ActivateWindow(1101)</action>
	</shortcut>
	<shortcut>
		<defaultID>x1102</defaultID>
		<label>20343</label>
		<label2>Hub 1102</label2>
		<icon>DefaultShortcut.png</icon>
		<thumb>special://profile/addon_data/script.skinshortcuts/skin.eminence.zeev-thumb-x1102.png</thumb>
		<action>ActivateWindow(1102)</action>
	</shortcut>
	<shortcut>
		<defaultID>x1114</defaultID>
		<label>2</label>
		<label2>Hub 1114</label2>
		<icon>special://skin/extras/icons/songs.png</icon>
		<thumb>special://profile/addon_data/script.skinshortcuts/skin.eminence.zeev-thumb-x1114.png</thumb>
		<action>ActivateWindow(1114)</action>
	</shortcut>
	<shortcut>
		<defaultID>livetv</defaultID>
		<label>31343584</label>
		<label2>Common Shortcut</label2>
		<icon>DefaultShortcut.png</icon>
		<thumb>special://profile/addon_data/script.skinshortcuts/skin.eminence.zeev-thumb-livetv.png</thumb>
		<action>ActivateWindow(MyPVR)</action>
	</shortcut>
	<shortcut>
		<defaultID>x1112</defaultID>
		<label>$SKIN[31314|skin.eminence.zeev|VOD]</label>
		<label2>Hub 1112</label2>
		<icon>DefaultShortcut.png</icon>
		<thumb>special://profile/addon_data/script.skinshortcuts/skin.eminence.zeev-thumb-x1112.png</thumb>
		<action>ActivateWindow(1112)</action>
	</shortcut>
	<shortcut>
		<defaultID>1037</defaultID>
		<label>1037</label>
		<label2>Common Shortcut</label2>
		<icon>DefaultShortcut.png</icon>
		<thumb>special://profile/addon_data/script.skinshortcuts/skin.eminence.zeev-thumb-1037.png</thumb>
		<action>ActivateWindow(Videos,Addons,return)</action>
	</shortcut>
	<shortcut>
		<defaultID>31312</defaultID>
		<label>$SKIN[31312|skin.eminence.zeev|ספורט]</label>
		<label2>Custom item</label2>
		<icon>special://skin/extras/icons/sport.png</icon>
		<thumb>special://profile/addon_data/script.skinshortcuts/skin.eminence.zeev-thumb-31312.png</thumb>
		<action>ActivateWindow(VideoLibrary,&quot;plugin://plugin.program.super.favourites/?label=Sports+Adddons&amp;mode=400&amp;path=special%3A%2F%2Fprofile%2Faddon_data%2Fplugin.program.super.favourites%2FSuper+Favourites%2FSports+Adddons&amp;image=special%3A%2F%2Fhome%2Faddons%2Fplugin.video.p2psport%2Ficon.png&amp;fanart=%2Fstorage%2F.kodi%2Faddons%2Fplugin.program.super.favourites%2Ffanart.jpg&quot;,return)</action>
	</shortcut>
	<shortcut>
		<defaultID>weather</defaultID>
		<label>8</label>
		<label2>Common Shortcut</label2>
		<icon>special://skin/extras/icons/sun.png</icon>
		<thumb>special://profile/addon_data/script.skinshortcuts/skin.eminence.zeev-thumb-weather.png</thumb>
		<action>ActivateWindow(Weather)</action>
	</shortcut>
	<shortcut>
		<defaultID>programs</defaultID>
		<label>1036</label>
		<label2>Common Shortcut</label2>
		<icon>special://skin/extras/icons/favourites.png</icon>
		<thumb>special://profile/addon_data/script.skinshortcuts/skin.eminence.zeev-thumb-programs.png</thumb>
		<action>ActivateWindow(Favourites)</action>
	</shortcut>
	<shortcut>
		<defaultID>settings</defaultID>
		<label>10004</label>
		<label2>Common Shortcut</label2>
		<icon>special://skin/extras/icons/settings.png</icon>
		<thumb>special://profile/addon_data/script.skinshortcuts/skin.eminence.zeev-thumb-settings.png</thumb>
		<action>ActivateWindow(Settings)</action>
	</shortcut>
	<shortcut>
		<defaultID>power</defaultID>
		<label>33060</label>
		<label2>Common Shortcut</label2>
		<icon>DefaultShortcut.png</icon>
		<thumb>special://profile/addon_data/script.skinshortcuts/skin.eminence.zeev-thumb-power.png</thumb>
		<action>ActivateWindow(shutdownmenu)</action>
	</shortcut>
</shortcuts>