<?xml version="1.0" encoding="utf-8"?><shortcuts>
	<shortcut>
		<defaultID>10040</defaultID>
		<label>10040</label>
		<label2/>
		<icon>special://skin/extras/icons/addons.png</icon>
		<thumb/>
		<action>ActivateWindow(Programs,Addons,return)</action>
	</shortcut>
	<shortcut>
		<defaultID>service.openelec.settings</defaultID>
		<label>OpenELEC Configuration</label>
		<label2>תוכנה</label2>
		<icon>DefaultAddon.png</icon>
		<thumb>special://profile/addon_data/script.skinshortcuts/skin.eminence.zeev-thumb-service.openelec.settings.png</thumb>
		<action>RunAddOn(service.openelec.settings)</action>
	</shortcut>
	<shortcut>
		<defaultID>7</defaultID>
		<label>7</label>
		<label2>Common menu item</label2>
		<icon>DefaultFolder.png</icon>
		<thumb/>
		<action>ActivateWindow(FileManager)</action>
	</shortcut>
	<shortcut>
		<defaultID>10007</defaultID>
		<label>10007</label>
		<label2>Common menu item</label2>
		<icon>special://skin/extras/icons/sysinfo.png</icon>
		<thumb/>
		<action>ActivateWindow(SystemInfo)</action>
	</shortcut>
	<shortcut>
		<defaultID>14111</defaultID>
		<label>14111</label>
		<label2>Common menu item</label2>
		<icon>UnknownUser.png</icon>
		<thumb/>
		<action>ActivateWindow(EventLog,events://,return)</action>
	</shortcut>
</shortcuts>