<?xml version="1.0" encoding="utf-8"?><shortcuts>
	<shortcut>
		<defaultID>tvshows</defaultID>
		<label>43753</label>
		<label2>Episode Hub Shortcut</label2>
		<icon>special://skin/extras/icons/infinity.png</icon>
		<thumb/>
		<action>ActivateWindow(Videos,TvShowTitles,return)</action>
	</shortcut>
	<shortcut>
		<defaultID>31100</defaultID>
		<label>$SKIN[31100|skin.eminence.zeev|נוספו לאחרונה]</label>
		<label2>Episode Hub Shortcut</label2>
		<icon>special://skin/extras/icons/recentlyadded.png</icon>
		<thumb/>
		<action>ActivateWindow(Videos,RecentlyAddedEpisodes,return)</action>
	</shortcut>
	<shortcut>
		<defaultID/>
		<label>מועדפים שלי</label>
		<label2>הרחבת וידאו</label2>
		<icon>DefaultShortcut.png</icon>
		<thumb>special://profile/addon_data/script.skinshortcuts/skin.eminence.zeev-thumb-מועדפים שלי.jpg</thumb>
		<action>ActivateWindow(VideoLibrary,&quot;plugin://plugin.video.specto/?action=tvFavourites&quot;,return)</action>
	</shortcut>
	<shortcut>
		<defaultID/>
		<label>43754</label>
		<label2>Episode Hub Shortcut</label2>
		<icon>special://skin/extras/icons/ICONS/sdarot-tv v.2.png</icon>
		<thumb/>
		<action>ActivateWindow(10025,&quot;plugin://plugin.video.sdarot.tv/?mode=2&amp;module=http%3a%2f%2fwww.sdarot.pm%2fseries%2fgenre%2f20%d7%99%d7%a9%d7%a8%d7%90%d7%9c%d7%99&amp;name=%d7%99%d7%a9%d7%a8%d7%90%d7%9c%d7%99&amp;summary&amp;url=all-heb&quot;,return)</action>
	</shortcut>
	<shortcut>
		<defaultID>43791</defaultID>
		<label>43791</label>
		<label2>Movie Hub Shortcut</label2>
		<icon>special://skin/extras/icons/ICONS/METAs.png</icon>
		<thumb/>
		<action>RunPlugin(&quot;plugin://plugin.video.meta/tv/search&quot;)</action>
	</shortcut>
	<shortcut>
		<defaultID/>
		<label>43755</label>
		<label2>Episode Hub Shortcut</label2>
		<icon>special://skin/extras/icons/ICONS/exodus_icon.png</icon>
		<thumb/>
		<action>ActivateWindow(10025,&quot;plugin://plugin.video.exodus/?action=tvshows&amp;url=popular&quot;,return)</action>
	</shortcut>
	<shortcut>
		<defaultID/>
		<label>43756</label>
		<label2>Episode Hub Shortcut</label2>
		<icon>special://skin/extras/icons/ICONS/SALTS3.png</icon>
		<thumb/>
		<action>ActivateWindow(10025,&quot;plugin://plugin.video.salts/?section=TV&amp;mode=popular&quot;,return)</action>
	</shortcut>
	<shortcut>
		<defaultID>43792</defaultID>
		<label>43792</label>
		<label2>Movie Hub Shortcut</label2>
		<icon>special://skin/extras/icons/ICONS/META.png</icon>
		<thumb/>
		<action>ActivateWindow(VideoLibrary,&quot;plugin://plugin.video.meta/tv/most_popular/1&quot;,return)</action>
	</shortcut>
	<shortcut>
		<defaultID>653</defaultID>
		<label>653</label>
		<label2>Episode Hub Shortcut</label2>
		<icon>special://skin/extras/icons/update.png</icon>
		<thumb/>
		<action>UpdateLibrary(video)</action>
	</shortcut>
</shortcuts>