<?xml version="1.0" encoding="utf-8"?><shortcuts>
	<shortcut>
		<defaultID/>
		<label>חיפוש סרטים/סדרות</label>
		<label2>Custom item</label2>
		<icon>DefaultShortcut.png</icon>
		<thumb>special://profile/addon_data/script.skinshortcuts/skin.eminence.zeev-thumb-חיפוש סרטים-סדרות.png</thumb>
		<action>ActivateWindow(VideoLibrary,&quot;plugin://plugin.video.meta&quot;,return)</action>
	</shortcut>
	<shortcut>
		<defaultID/>
		<label>סרטים ישראליים</label>
		<label2>Custom item</label2>
		<icon>DefaultShortcut.png</icon>
		<thumb>special://skin/extras/icons/israel_movies.png</thumb>
		<action>ActivateWindow(VideoLibrary,&quot;plugin://plugin.video.Vodil/?url=PLnzhIyrsnB5YoU4U8xhoZLonjqmP6C6no&amp;mode=1&amp;name=%5BCOLOR+white%5D%5BB%5D%D7%A1%D7%A8%D7%98%D7%99%D7%9D+%D7%9E%D7%AA%D7%95%D7%A8%D7%92%D7%9E%D7%99%D7%9D%5B%2FB%5D%5B%2FCOLOR%5D&quot;,return)</action>
	</shortcut>
</shortcuts>