<?xml version="1.0" encoding="utf-8"?><shortcuts>
	<shortcut>
		<defaultID>tvshows</defaultID>
		<label>קיר סדרות</label>
		<label2>Episode Hub Shortcut</label2>
		<icon>special://skin/extras/icons/tv.png</icon>
		<thumb>special://profile/addon_data/script.skinshortcuts/skin.eminence.zeev-thumb-tvshows.png</thumb>
		<action>ActivateWindow(Videos,TvShowTitles,return)</action>
	</shortcut>
	<shortcut>
		<defaultID>yshrly</defaultID>
		<label>סדרות ישראליות</label>
		<label2>מועדף</label2>
		<icon>special://skin/extras/icons/files.png</icon>
		<thumb>special://profile/addon_data/script.skinshortcuts/skin.eminence.zeev-thumb-yshrly.png</thumb>
		<action>ActivateWindow(10025,&quot;plugin://plugin.video.sdarot.tv/?mode=2&amp;module=http%3a%2f%2fwww.sdarot.pm%2fseries%2fgenre%2f20%d7%99%d7%a9%d7%a8%d7%90%d7%9c%d7%99&amp;name=%d7%99%d7%a9%d7%a8%d7%90%d7%9c%d7%99&amp;summary&amp;url=all-heb&quot;,return)</action>
	</shortcut>
	<shortcut>
		<defaultID/>
		<label>סדרות אקסודוס</label>
		<label2>הרחבת וידאו</label2>
		<icon>DefaultShortcut.png</icon>
		<thumb>special://profile/addon_data/script.skinshortcuts/skin.eminence.zeev-thumb-סדרות אקסודוס.png</thumb>
		<action>ActivateWindow(VideoLibrary,&quot;plugin://plugin.video.exodus/?action=tvshows&amp;url=popular&quot;,return)</action>
	</shortcut>
	<shortcut>
		<defaultID/>
		<label>סדרות סולטס</label>
		<label2>Custom shortcut</label2>
		<icon>DefaultShortcut.png</icon>
		<thumb>special://profile/addon_data/script.skinshortcuts/skin.eminence.zeev-thumb-סדרות סולטס.png</thumb>
		<action>ActivateWindow(10025,&quot;plugin://plugin.video.salts/?section=TV&amp;mode=popular&quot;,return)</action>
	</shortcut>
	<shortcut>
		<defaultID>plugin.video.pulsar/shows/</defaultID>
		<label>סדרות קיוסר</label>
		<label2>Custom item</label2>
		<icon>DefaultShortcut.png</icon>
		<thumb>special://profile/addon_data/script.skinshortcuts/skin.eminence.zeev-thumb-plugin.video.pulsar-shows-.png</thumb>
		<action>ActivateWindow(VideoLibrary,&quot;plugin://plugin.video.quasar/shows/popular&quot;,return)</action>
	</shortcut>
	<shortcut>
		<defaultID>plugin.video.kmediatorrent/kat/browse/tv/1/seeders/desc</defaultID>
		<label>סדרות קיי-מדיה</label>
		<label2>הרחבת וידאו</label2>
		<icon>DefaultShortcut.png</icon>
		<thumb>special://profile/addon_data/script.skinshortcuts/skin.eminence.zeev-thumb-plugin.video.kmediatorrent-kat-browse-tv-1-seeders-desc.png</thumb>
		<action>ActivateWindow(VideoLibrary,&quot;plugin://plugin.video.kmediatorrent/kat/browse/tv/1/seeders/desc&quot;,return)</action>
	</shortcut>
	<shortcut>
		<defaultID>137</defaultID>
		<label>חיפוש בקיר</label>
		<label2>Episode Hub Shortcut</label2>
		<icon>special://skin/extras/icons/search.png</icon>
		<thumb/>
		<action>RunScript(script.globalsearch,tvshows=true&amp;episodes=true&amp;movies=true)</action>
	</shortcut>
	<shortcut>
		<defaultID>653</defaultID>
		<label>653</label>
		<label2>Episode Hub Shortcut</label2>
		<icon>special://skin/extras/icons/update.png</icon>
		<thumb/>
		<action>UpdateLibrary(video)</action>
	</shortcut>
	<shortcut>
		<defaultID>135</defaultID>
		<label>135</label>
		<label2>Episode Hub Shortcut</label2>
		<icon>special://skin/extras/icons/genre.png</icon>
		<thumb/>
		<action>ActivateWindow(Videos,TvShowGenres,return)</action>
	</shortcut>
	<shortcut>
		<defaultID>20388</defaultID>
		<label>20388</label>
		<label2>Episode Hub Shortcut</label2>
		<icon>special://skin/extras/icons/director.png</icon>
		<thumb/>
		<action>ActivateWindow(Videos,TvShowStudios,return)</action>
	</shortcut>
	<shortcut>
		<defaultID>344</defaultID>
		<label>344</label>
		<label2>Episode Hub Shortcut</label2>
		<icon>special://skin/extras/icons/actor.png</icon>
		<thumb/>
		<action>ActivateWindow(Videos,TvShowActors,return)</action>
	</shortcut>
	<shortcut>
		<defaultID>652</defaultID>
		<label>652</label>
		<label2>Episode Hub Shortcut</label2>
		<icon>special://skin/extras/icons/year.png</icon>
		<thumb/>
		<action>ActivateWindow(Videos,TvShowYears,return)</action>
	</shortcut>
	<shortcut>
		<defaultID>136</defaultID>
		<label>136</label>
		<label2>Episode Hub Shortcut</label2>
		<icon>special://skin/extras/icons/playlist.png</icon>
		<thumb/>
		<action>ActivateWindow(videos,special://videoplaylists/,return)</action>
	</shortcut>
	<shortcut>
		<defaultID>1214</defaultID>
		<label>1214</label>
		<label2>Episode Hub Shortcut</label2>
		<icon>special://skin/extras/icons/files.png</icon>
		<thumb/>
		<action>ActivateWindow(Videos,Files,return)</action>
	</shortcut>
	<shortcut>
		<defaultID>24001</defaultID>
		<label>24001</label>
		<label2>Episode Hub Shortcut</label2>
		<icon>special://skin/extras/icons/addons.png</icon>
		<thumb/>
		<action>ActivateWindow(videos,addons://sources/video/,return)</action>
	</shortcut>
</shortcuts>