<?xml version="1.0" encoding="utf-8"?><shortcuts>
	<shortcut>
		<defaultID>plugin.video.sdarot.tv</defaultID>
		<label>סדרות TV</label>
		<label2>הרחבת וידאו</label2>
		<icon>DefaultShortcut.png</icon>
		<thumb>special://profile/addon_data/script.skinshortcuts/skin.eminence.zeev-thumb-plugin.video.sdarot.tv.png</thumb>
		<action>ActivateWindow(10025,&quot;plugin://plugin.video.sdarot.tv&quot;,return)</action>
	</shortcut>
	<shortcut>
		<defaultID/>
		<label>ערוץ 2 - קשת</label>
		<label2>הרחבת וידאו</label2>
		<icon>DefaultShortcut.png</icon>
		<thumb>special://profile/addon_data/script.skinshortcuts/skin.eminence.zeev-thumb-ערוץ 2 - קשת.png</thumb>
		<action>ActivateWindow(10025,&quot;plugin://plugin.video.MakoTV/?url=http%3A%2F%2Fwww.mako.co.il%2Fmako-vod-index&amp;mode=0&amp;name=%D7%AA%D7%9B%D7%A0%D7%99%D7%95%D7%AA+MakoTV&amp;iconimage=http://img.mako.co.il/2010/08/11/mako%20vod%20c.jpg&quot;,return)</action>
	</shortcut>
	<shortcut>
		<defaultID/>
		<label>ערוץ 2 - רשת</label>
		<label2>הרחבת וידאו</label2>
		<icon>DefaultShortcut.png</icon>
		<thumb>special://profile/addon_data/script.skinshortcuts/skin.eminence.zeev-thumb-ערוץ 2 - רשת.png</thumb>
		<action>ActivateWindow(10025,&quot;plugin://plugin.video.reshet.video/?category=14830&quot;,return)</action>
	</shortcut>
	<shortcut>
		<defaultID/>
		<label>ערוץ 10</label>
		<label2>הרחבת וידאו</label2>
		<icon>DefaultShortcut.png</icon>
		<thumb>special://profile/addon_data/script.skinshortcuts/skin.eminence.zeev-thumb-ערוץ 10.png</thumb>
		<action>ActivateWindow(10025,&quot;plugin://plugin.video.ilten/?category=1945&quot;,return)</action>
	</shortcut>
	<shortcut>
		<defaultID>plugin.video.IBA</defaultID>
		<label>ערוץ 1</label>
		<label2>הרחבת וידאו</label2>
		<icon>DefaultShortcut.png</icon>
		<thumb>special://profile/addon_data/script.skinshortcuts/skin.eminence.zeev-thumb-plugin.video.IBA.png</thumb>
		<action>ActivateWindow(10025,&quot;plugin://plugin.video.IBA&quot;,return)</action>
	</shortcut>
	<shortcut>
		<defaultID>plugin.video.iltwenty</defaultID>
		<label>ערוץ 20</label>
		<label2>הרחבת וידאו</label2>
		<icon>DefaultShortcut.png</icon>
		<thumb>special://profile/addon_data/script.skinshortcuts/skin.eminence.zeev-thumb-plugin.video.iltwenty.png</thumb>
		<action>ActivateWindow(10025,&quot;plugin://plugin.video.iltwenty&quot;,return)</action>
	</shortcut>
	<shortcut>
		<defaultID>plugin.video.kodisraelstandup</defaultID>
		<label>סטנד אפ ישראלי</label>
		<label2>הרחבת וידאו</label2>
		<icon>DefaultShortcut.png</icon>
		<thumb>special://profile/addon_data/script.skinshortcuts/skin.eminence.zeev-thumb-plugin.video.kodisraelstandup.png</thumb>
		<action>ActivateWindow(10025,&quot;plugin://plugin.video.kodisraelstandup&quot;,return)</action>
	</shortcut>
	<shortcut>
		<defaultID>plugin.video.documentarytube</defaultID>
		<label>דוקו טיוב</label>
		<label2>Custom item</label2>
		<icon>DefaultShortcut.png</icon>
		<thumb>special://profile/addon_data/script.skinshortcuts/skin.eminence.zeev-thumb-plugin.video.documentarytube.png</thumb>
		<action>ActivateWindow(VideoLibrary,&quot;plugin://plugin.video.featherence.docu&quot;,return)</action>
	</shortcut>
</shortcuts>