<?xml version="1.0" encoding="utf-8"?><shortcuts>
	<shortcut>
		<defaultID>plugin.video.KIDSIL</defaultID>
		<label>ילדים ישראל</label>
		<label2>הרחבת וידאו</label2>
		<icon>DefaultShortcut.png</icon>
		<thumb>special://profile/addon_data/script.skinshortcuts/skin.eminence.zeev-thumb-plugin.video.KIDSIL.png</thumb>
		<action>ActivateWindow(10025,&quot;plugin://plugin.video.KIDSIL&quot;,return)</action>
	</shortcut>
	<shortcut>
		<defaultID>plugin.video.kodisraelkids</defaultID>
		<label>ילדודס</label>
		<label2>הרחבת וידאו</label2>
		<icon>DefaultShortcut.png</icon>
		<thumb>special://profile/addon_data/script.skinshortcuts/skin.eminence.zeev-thumb-plugin.video.kodisraelkids.png</thumb>
		<action>ActivateWindow(10025,&quot;plugin://plugin.video.kodisraelkids&quot;,return)</action>
	</shortcut>
	<shortcut>
		<defaultID>plugin.video.featherence.kids</defaultID>
		<label>איזור הילדים</label>
		<label2>הרחבת וידאו</label2>
		<icon>DefaultShortcut.png</icon>
		<thumb>special://profile/addon_data/script.skinshortcuts/skin.eminence.zeev-thumb-plugin.video.featherence.kids.png</thumb>
		<action>ActivateWindow(10025,&quot;plugin://plugin.video.featherence.kids&quot;,return)</action>
	</shortcut>
	<shortcut>
		<defaultID>plugin.video.lulitv</defaultID>
		<label>לולי</label>
		<label2>הרחבת וידאו</label2>
		<icon>DefaultShortcut.png</icon>
		<thumb>special://profile/addon_data/script.skinshortcuts/skin.eminence.zeev-thumb-plugin.video.lulitv.png</thumb>
		<action>ActivateWindow(10025,&quot;plugin://plugin.video.lulitv&quot;,return)</action>
	</shortcut>
	<shortcut>
		<defaultID>plugin.video.hop</defaultID>
		<label>הופ!</label>
		<label2>הרחבת וידאו</label2>
		<icon>DefaultShortcut.png</icon>
		<thumb>special://profile/addon_data/script.skinshortcuts/skin.eminence.zeev-thumb-plugin.video.hop.png</thumb>
		<action>ActivateWindow(10025,&quot;plugin://plugin.video.hop&quot;,return)</action>
	</shortcut>
	<shortcut>
		<defaultID/>
		<label>שירים וסיפורים לילדים</label>
		<label2>Custom shortcut</label2>
		<icon>DefaultShortcut.png</icon>
		<thumb>special://profile/addon_data/script.skinshortcuts/skin.eminence.zeev-thumb-שירים וסיפורים לילדים.png</thumb>
		<action>ActivateWindow(10025,&quot;plugin://plugin.video.featherence.kids/?url=None&amp;mode=101&amp;name=%D7%A9%D7%99%D7%A8%D7%99%D7%9D+%D7%95%D7%A1%D7%99%D7%A4%D7%95%D7%A8%D7%99%D7%9D+%D7%9C%D7%99%D7%9C%D7%93%D7%99%D7%9D&amp;iconimage=C%3A%5CUsers%5CElad%5CAppData%5CRoaming%5CKodi%5Caddons%5Cscript.featherence.service%5Cresources%5Cicons%5Cmusic.png&amp;desc=%D7%A9%D7%99%D7%A8%D7%99%D7%9D+%D7%95%D7%A1%D7%99%D7%A4%D7%95%D7%A8%D7%99%D7%9D+%D7%9C%D7%99%D7%9C%D7%93%D7%99%D7%9D+%D7%A9%D7%9C%D7%A0%D7%95.&amp;num=1&amp;viewtype=58&amp;fanart=http://p1.pichost.me/i/28/1509965.jpg&quot;,return)</action>
	</shortcut>
	<shortcut>
		<defaultID/>
		<label>הצגות לילדים</label>
		<label2>Custom shortcut</label2>
		<icon>DefaultShortcut.png</icon>
		<thumb>special://profile/addon_data/script.skinshortcuts/skin.eminence.zeev-thumb-הצגות לילדים.png</thumb>
		<action>ActivateWindow(10025,&quot;plugin://plugin.video.featherence.kids/?url=None&amp;mode=102&amp;name=%D7%94%D7%A6%D7%92%D7%95%D7%AA+%D7%9C%D7%99%D7%9C%D7%93%D7%99%D7%9D&amp;iconimage=C%3A%5CUsers%5CElad%5CAppData%5CRoaming%5CKodi%5Caddons%5Cscript.featherence.service%5Cresources%5Cicons%5Cbank.png&amp;desc=%D7%A6%D7%A4%D7%94+%D7%91%D7%9E%D7%92%D7%95%D7%95%D7%9F+%D7%92%D7%93%D7%95%D7%9C+%D7%A9%D7%9C+%D7%94%D7%95%D7%A4%D7%A2%D7%95%D7%AA+%D7%9C%D7%99%D7%9C%D7%93%D7%99%D7%9D.&amp;num=1&amp;viewtype=58&amp;fanart=http://2.bp.blogspot.com/-Dz3-VwZZryE/Uh5ZXg7zCMI/AAAAAAAAdCQ/OmLVkdWI47c/s1600/Disney+Junior+Live+Pirate+and+Princess+Adventure+-+Jake%252C+Izzy+%2526+Cubby.jpg&quot;,return)</action>
	</shortcut>
	<shortcut>
		<defaultID/>
		<label>סדרות לילדים</label>
		<label2>Custom shortcut</label2>
		<icon>DefaultShortcut.png</icon>
		<thumb>special://profile/addon_data/script.skinshortcuts/skin.eminence.zeev-thumb-סדרות לילדים.png</thumb>
		<action>ActivateWindow(10025,&quot;plugin://plugin.video.featherence.kids/?url=None&amp;mode=104&amp;name=%D7%A1%D7%93%D7%A8%D7%95%D7%AA+%D7%9C%D7%99%D7%9C%D7%93%D7%99%D7%9D&amp;iconimage=C%3A%5CUsers%5CElad%5CAppData%5CRoaming%5CKodi%5Caddons%5Cscript.featherence.service%5Cresources%5Cicons%5Ctvshows.png&amp;desc=%D7%A6%D7%A4%D7%94+%D7%91%D7%9E%D7%92%D7%95%D7%95%D7%9F+%D7%A2%D7%A6%D7%95%D7%9D+%D7%A9%D7%9C+%D7%A1%D7%93%D7%A8%D7%95%D7%AA+%D7%9C%D7%99%D7%9C%D7%93%D7%99%D7%9D.&amp;num=1&amp;viewtype=2&amp;fanart=http://www.canadiananimationresources.ca/wp-content/uploads/2012/10/9-Story-Arthur-Couch.jpg&quot;,return)</action>
	</shortcut>
	<shortcut>
		<defaultID/>
		<label>סרטים לילדים</label>
		<label2>Custom shortcut</label2>
		<icon>DefaultShortcut.png</icon>
		<thumb>special://profile/addon_data/script.skinshortcuts/skin.eminence.zeev-thumb-סרטים לילדים.png</thumb>
		<action>ActivateWindow(10025,&quot;plugin://plugin.video.featherence.kids/?url=None&amp;mode=105&amp;name=%D7%A1%D7%A8%D7%98%D7%99%D7%9D+%D7%9C%D7%99%D7%9C%D7%93%D7%99%D7%9D&amp;iconimage=C%3A%5CUsers%5CElad%5CAppData%5CRoaming%5CKodi%5Caddons%5Cscript.featherence.service%5Cresources%5Cicons%5Cmovies.png&amp;desc=%D7%A6%D7%A4%D7%94+%D7%91%D7%9E%D7%92%D7%95%D7%95%D7%9F+%D7%A2%D7%A6%D7%95%D7%9D+%D7%A9%D7%9C+%D7%A1%D7%A8%D7%98%D7%99%D7%9D+%D7%9C%D7%99%D7%9C%D7%93%D7%99%D7%9D.&amp;num=1&amp;viewtype=1&amp;fanart=http://4.bp.blogspot.com/-Af2HcIQzlg8/UhwQ8lKPucI/AAAAAAAACIA/d7aY4RrxUfk/s1600/bambi-friends-disney-animated-movie-photo.jpg&quot;,return)</action>
	</shortcut>
	<shortcut>
		<defaultID/>
		<label>לפעוטות</label>
		<label2>Custom shortcut</label2>
		<icon>DefaultShortcut.png</icon>
		<thumb>special://profile/addon_data/script.skinshortcuts/skin.eminence.zeev-thumb-לפעוטות.png</thumb>
		<action>ActivateWindow(10025,&quot;plugin://plugin.video.featherence.kids/?url=None&amp;mode=106&amp;name=%D7%9C%D7%A4%D7%A2%D7%95%D7%98%D7%95%D7%AA&amp;iconimage=C%3A%5CUsers%5CElad%5CAppData%5CRoaming%5CKodi%5Caddons%5Cscript.featherence.service%5Cresources%5Cicons%5Ctoddlers.png&amp;desc=%D7%A6%D7%A4%D7%94+%D7%91%D7%AA%D7%9B%D7%A0%D7%99%D7%9D+%D7%9C%D7%99%D7%9C%D7%93%D7%99%D7%9D+%D7%A4%D7%A2%D7%95%D7%98%D7%95%D7%AA+%280-3%29.&amp;num=1&amp;viewtype=58&amp;fanart=http://1.bp.blogspot.com/-MnUXpmW1n1M/UKfOgAXUmXI/AAAAAAAAbBY/BfoQ1FNgNUk/s1600/duvcar1024x768_en_27.jpg&quot;,return)</action>
	</shortcut>
	<shortcut>
		<defaultID/>
		<label>לקטנטנים</label>
		<label2>Custom shortcut</label2>
		<icon>DefaultShortcut.png</icon>
		<thumb>special://profile/addon_data/script.skinshortcuts/skin.eminence.zeev-thumb-לקטנטנים.png</thumb>
		<action>ActivateWindow(10025,&quot;plugin://plugin.video.featherence.kids/?url=None&amp;mode=107&amp;name=%D7%9C%D7%A7%D7%98%D7%A0%D7%98%D7%A0%D7%99%D7%9D&amp;iconimage=C%3A%5CUsers%5CElad%5CAppData%5CRoaming%5CKodi%5Caddons%5Cscript.featherence.service%5Cresources%5Cicons%5Ckids.png&amp;desc=%D7%A6%D7%A4%D7%94+%D7%91%D7%AA%D7%9B%D7%A0%D7%99%D7%9D+%D7%9C%D7%99%D7%9C%D7%93%D7%99%D7%9D+%D7%A7%D7%98%D7%A0%D7%98%D7%A0%D7%99%D7%9D+%282-10%29.&amp;num=1&amp;viewtype=58&amp;fanart=http://7-themes.com/data_images/out/63/6986632-dora-wallpaper-free.jpg&quot;,return)</action>
	</shortcut>
	<shortcut>
		<defaultID/>
		<label>לילדים ונוער</label>
		<label2>Custom shortcut</label2>
		<icon>DefaultShortcut.png</icon>
		<thumb>special://profile/addon_data/script.skinshortcuts/skin.eminence.zeev-thumb-לילדים ונוער.png</thumb>
		<action>ActivateWindow(10025,&quot;plugin://plugin.video.featherence.kids/?url=None&amp;mode=108&amp;name=%D7%9C%D7%99%D7%9C%D7%93%D7%99%D7%9D+%D7%95%D7%A0%D7%95%D7%A2%D7%A8&amp;iconimage=C%3A%5CUsers%5CElad%5CAppData%5CRoaming%5CKodi%5Caddons%5Cscript.featherence.service%5Cresources%5Cicons%5Ckids2.png&amp;desc=%D7%A6%D7%A4%D7%94+%D7%91%D7%AA%D7%9B%D7%A0%D7%99%D7%9D+%D7%9C%D7%A6%D7%A2%D7%99%D7%A8%D7%99%D7%9D+%D7%95%D7%9E%D7%91%D7%95%D7%92%D7%A8%D7%99%D7%9D+%28%D7%A0%D7%95%D7%A1%D7%98%D7%9C%D7%92%D7%99%D7%94%29.&amp;num=1&amp;viewtype=50&amp;fanart=http://30k0u22sosp4xzag03cfogt1.wpengine.netdna-cdn.com/wp-content/uploads/2015/03/strika-3.jpg&quot;,return)</action>
	</shortcut>
</shortcuts>