<?xml version="1.0" encoding="utf-8"?><shortcuts>
	<shortcut>
		<defaultID>music</defaultID>
		<label>10005</label>
		<label2>Common Shortcut</label2>
		<icon>special://skin/extras/icons/songs.png</icon>
		<thumb>special://profile/addon_data/script.skinshortcuts/skin.eminence.zeev-thumb-music.png</thumb>
		<action>ActivateWindow(Music)</action>
	</shortcut>
	<shortcut>
		<defaultID>radio</defaultID>
		<label>32087</label>
		<label2>Custom shortcut</label2>
		<icon>special://skin/extras/icons/radio.png</icon>
		<thumb>special://profile/addon_data/script.skinshortcuts/skin.eminence.zeev-thumb-radio.png</thumb>
		<action>ActivateWindow(RadioChannels)</action>
	</shortcut>
	<shortcut>
		<defaultID>plugin.video.featherence.music</defaultID>
		<label>איזור המוזיקה</label>
		<label2>הרחבת מוזיקה</label2>
		<icon>DefaultShortcut.png</icon>
		<thumb>special://profile/addon_data/script.skinshortcuts/skin.eminence.zeev-thumb-plugin.video.featherence.music.png</thumb>
		<action>ActivateWindow(10502,&quot;plugin://plugin.video.featherence.music&quot;,return)</action>
	</shortcut>
	<shortcut>
		<defaultID>plugin.audio.99fm-playlists</defaultID>
		<label>99FM רדיו</label>
		<label2>הרחבת מוזיקה</label2>
		<icon>DefaultShortcut.png</icon>
		<thumb>special://profile/addon_data/script.skinshortcuts/skin.eminence.zeev-thumb-plugin.audio.99fm-playlists.png</thumb>
		<action>ActivateWindow(10502,&quot;plugin://plugin.audio.99fm-playlists&quot;,return)</action>
	</shortcut>
	<shortcut>
		<defaultID>plugin.audio.100fm</defaultID>
		<label>רדיוס 100FM</label>
		<label2>הרחבת מוזיקה</label2>
		<icon>DefaultShortcut.png</icon>
		<thumb>special://profile/addon_data/script.skinshortcuts/skin.eminence.zeev-thumb-plugin.audio.100fm.png</thumb>
		<action>ActivateWindow(10502,&quot;plugin://plugin.audio.100fm&quot;,return)</action>
	</shortcut>
	<shortcut>
		<defaultID>plugin.video.kmusictube</defaultID>
		<label>KMusic מוסיקת</label>
		<label2>הרחבת מוזיקה</label2>
		<icon>DefaultShortcut.png</icon>
		<thumb>special://profile/addon_data/script.skinshortcuts/skin.eminence.zeev-thumb-plugin.video.kmusictube.png</thumb>
		<action>ActivateWindow(10502,&quot;plugin://plugin.video.kmusictube&quot;,return)</action>
	</shortcut>
	<shortcut>
		<defaultID>plugin.audio.housemixes</defaultID>
		<label>House מוזיקת</label>
		<label2>הרחבת מוזיקה</label2>
		<icon>DefaultShortcut.png</icon>
		<thumb>special://profile/addon_data/script.skinshortcuts/skin.eminence.zeev-thumb-plugin.audio.housemixes.png</thumb>
		<action>ActivateWindow(10502,&quot;plugin://plugin.audio.housemixes&quot;,return)</action>
	</shortcut>
	<shortcut>
		<defaultID>plugin.audio.tunir</defaultID>
		<label>רדיו עולמי</label>
		<label2>הרחבת מוזיקה</label2>
		<icon>DefaultShortcut.png</icon>
		<thumb>special://profile/addon_data/script.skinshortcuts/skin.eminence.zeev-thumb-plugin.audio.tunir.png</thumb>
		<action>ActivateWindow(MusicLibrary,&quot;plugin://plugin.audio.tunir&quot;,return)</action>
	</shortcut>
</shortcuts>