<?xml version="1.0" encoding="utf-8"?><shortcuts>
	<shortcut>
		<defaultID/>
		<label>[COLOR=Green]אוסף שירים בעברית[/COLOR]</label>
		<label2>Custom shortcut</label2>
		<icon>DefaultShortcut.png</icon>
		<thumb>special://profile/addon_data/script.skinshortcuts/skin.eminence.zeev-thumb-[COLOR=Green]אוסף שירים בעברית[-COLOR].png</thumb>
		<action>ActivateWindow(10025,&quot;plugin://plugin.video.featherence.kids/?url=%5B%27%26youtube_id%3D6LNpGsYpWJw%27%2C+%27%26youtube_id%3DYtuVAZyWoG4%27%2C+%27%26youtube_pl%3DPL31BAFCC1ADC5FC99%27%2C+%27%26youtube_pl%3DPLpnRNlRK18UaUnOabh_ZysDsOY3QLvjkd%27%2C+%27%26youtube_pl%3DPL6jaO-hu0IvxLOnGOzzxXbjOR66OdFRO5%27%2C+%27%26youtube_pl%3DPL6jaO-hu0IvyOI86Wuth-gXJB2Q2BqJhA%27%2C+%27%26youtube_pl%3DPL6jaO-hu0Ivz2bnvMiXTH1o--x5XQgxN2%27%5D&amp;mode=17&amp;name=-%D7%94%D7%A9%D7%99%D7%A8%D7%99%D7%9D+%D7%94%D7%A8%D7%90%D7%A9%D7%95%D7%A0%D7%99%D7%9D+%D7%A9%D7%9C%D7%99+%D7%91-%D7%A2%D7%91%D7%A8%D7%99%D7%AA&amp;iconimage=http%3A%2F%2Fflaglane.com%2Fdownload%2Fisraeli-flag%2Fisraeli-flag-medium.png&amp;desc=%D7%94%D7%A9%D7%99%D7%A8%D7%99%D7%9D+%D7%94%D7%A4%D7%95%D7%A4%D7%95%D7%9C%D7%A8%D7%99%D7%99%D7%9D+%D7%91%D7%99%D7%95%D7%AA%D7%A8+%D7%9C%D7%A4%D7%A2%D7%95%D7%98%D7%95%D7%AA+%D7%95%D7%A7%D7%98%D7%A0%D7%98%D7%A0%D7%99%D7%9D+%D7%91-%D7%A2%D7%91%D7%A8%D7%99%D7%AA.&amp;num=1&amp;viewtype=50&amp;fanart=http://pre15.deviantart.net/2dd4/th/pre/f/2015/166/3/2/israel_aph_by_wolf_kid1000-d8xdbyp.jpg&quot;,return)</action>
	</shortcut>
	<shortcut>
		<defaultID/>
		<label>[COLOR=Green]השירים הראשונים שלי[/COLOR]</label>
		<label2>Custom shortcut</label2>
		<icon>DefaultShortcut.png</icon>
		<thumb>special://profile/addon_data/script.skinshortcuts/skin.eminence.zeev-thumb-[COLOR=Green]השירים הראשונים שלי[-COLOR].jpg</thumb>
		<action>ActivateWindow(10025,&quot;plugin://plugin.video.featherence.kids/?url=%5B%27%26youtube_id%3D6LNpGsYpWJw%27%2C+%27%26youtube_id%3DYtuVAZyWoG4%27%2C+%27%26youtube_pl%3DPL31BAFCC1ADC5FC99%27%2C+%27%26youtube_pl%3DPLpnRNlRK18UaUnOabh_ZysDsOY3QLvjkd%27%2C+%27%26youtube_pl%3DPL6jaO-hu0IvxLOnGOzzxXbjOR66OdFRO5%27%2C+%27%26youtube_pl%3DPL6jaO-hu0IvyOI86Wuth-gXJB2Q2BqJhA%27%2C+%27%26youtube_pl%3DPL6jaO-hu0Ivz2bnvMiXTH1o--x5XQgxN2%27%5D&amp;mode=17&amp;name=-%D7%94%D7%A9%D7%99%D7%A8%D7%99%D7%9D+%D7%94%D7%A8%D7%90%D7%A9%D7%95%D7%A0%D7%99%D7%9D+%D7%A9%D7%9C%D7%99+%D7%91-%D7%A2%D7%91%D7%A8%D7%99%D7%AA&amp;iconimage=http%3A%2F%2Fflaglane.com%2Fdownload%2Fisraeli-flag%2Fisraeli-flag-medium.png&amp;desc=%D7%94%D7%A9%D7%99%D7%A8%D7%99%D7%9D+%D7%94%D7%A4%D7%95%D7%A4%D7%95%D7%9C%D7%A8%D7%99%D7%99%D7%9D+%D7%91%D7%99%D7%95%D7%AA%D7%A8+%D7%9C%D7%A4%D7%A2%D7%95%D7%98%D7%95%D7%AA+%D7%95%D7%A7%D7%98%D7%A0%D7%98%D7%A0%D7%99%D7%9D+%D7%91-%D7%A2%D7%91%D7%A8%D7%99%D7%AA.&amp;num=1&amp;viewtype=50&amp;fanart=http://pre15.deviantart.net/2dd4/th/pre/f/2015/166/3/2/israel_aph_by_wolf_kid1000-d8xdbyp.jpg&quot;,return)</action>
	</shortcut>
	<shortcut>
		<defaultID/>
		<label>בייבי איינשטיין</label>
		<label2>הרחבת וידאו</label2>
		<icon>DefaultShortcut.png</icon>
		<thumb>special://profile/addon_data/script.skinshortcuts/skin.eminence.zeev-thumb-בייבי איינשטיין.jpg</thumb>
		<action>ActivateWindow(10025,&quot;plugin://plugin.video.featherence.kids/?url=%5B%27%26youtube_pl%3DPLwxbE7ppBW4l1nxhAxPS7ZNkQQN3Z4_jr%27%2C+%27%26youtube_pl%3DPLvadvyUkv4iFxFnsG0i1mLhuvR5nQBUcf%27%2C+%27%26dailymotion_pl%3Dx377f1%27%5D&amp;mode=17&amp;name=%D7%91%D7%99%D7%99%D7%91%D7%99+%D7%90%D7%99%D7%99%D7%A0%D7%A9%D7%98%D7%99%D7%99%D7%9F&amp;iconimage=http%3A%2F%2Fd202m5krfqbpi5.cloudfront.net%2Fbooks%2F1170326163l%2F46377.jpg&amp;desc=%D7%91%D7%99%D7%99%D7%91%D7%99+%D7%90%D7%99%D7%99%D7%A0%D7%A9%D7%98%D7%99%D7%99%D7%9F+%D7%94%D7%99%D7%90+%D7%A1%D7%93%D7%A8%D7%AA+%D7%9E%D7%95%D7%A6%D7%A8%D7%99+%D7%9E%D7%95%D7%9C%D7%98%D7%99%D7%9E%D7%93%D7%99%D7%94+%D7%9C%D7%99%D7%9E%D7%95%D7%93%D7%99%D7%AA+%D7%9C%D7%AA%D7%99%D7%A0%D7%95%D7%A7%D7%95%D7%AA%2C+%D7%94%D7%A0%D7%9E%D7%9B%D7%A8%D7%AA+%D7%94%D7%99%D7%98%D7%91+%D7%91%D7%A8%D7%97%D7%91%D7%99+%D7%94%D7%A2%D7%95%D7%9C%D7%9D.+%D7%A8%D7%95%D7%91+%D7%94%D7%A1%D7%93%D7%A8%D7%94+%D7%A0%D7%95%D7%A2%D7%93%D7%94+%D7%9C%D7%97%D7%A9%D7%95%D7%A3+%D7%AA%D7%99%D7%A0%D7%95%D7%A7%D7%95%D7%AA+%D7%9C%D7%9E%D7%95%D7%96%D7%99%D7%A7%D7%94+%D7%A7%D7%9C%D7%90%D7%A1%D7%99%D7%AA+%D7%95%D7%94%D7%A6%D7%99%D7%9C%D7%95%D7%9E%D7%99%D7%9D+%D7%91%D7%AA%D7%A7%D7%9C%D7%99%D7%98%D7%95%D7%A8%D7%99%D7%9D+%D7%9E%D7%AA%D7%9E%D7%A7%D7%93%D7%99%D7%9D+%D7%91%D7%A2%D7%99%D7%A7%D7%A8+%D7%91%D7%A6%D7%A2%D7%A6%D7%95%D7%A2%D7%99%D7%9D+%D7%9C%D7%A4%D7%A2%D7%95%D7%98%D7%95%D7%AA.&amp;num=1&amp;viewtype=50&amp;fanart=http://allwallpapersnew.com/wp-content/gallery/baby-einstein-images/05008612327.jpg&quot;,return)</action>
	</shortcut>
	<shortcut>
		<defaultID/>
		<label>[COLOR=Green]שירי פרפר נחמד[/COLOR]</label>
		<label2>Custom shortcut</label2>
		<icon>DefaultShortcut.png</icon>
		<thumb>special://profile/addon_data/script.skinshortcuts/skin.eminence.zeev-thumb-[COLOR=Green]שירי פרפר נחמד[-COLOR].jpg</thumb>
		<action>ActivateWindow(10025,&quot;plugin://plugin.video.featherence.kids/?url=%5B%27%26youtube_pl%3DPL51YAgTlfPj45OPEXI-ibfJy8ON0k1ARh%27%2C+%27%26youtube_pl%3DPLNWPkdPqwKqtbM6--m50SdENigIXvoAqm%27%5D&amp;mode=17&amp;name=%D7%A4%D7%A8%D7%A4%D7%A8+%D7%A0%D7%97%D7%9E%D7%93&amp;iconimage=http%3A%2F%2Fwww.sdarot.wf%2Fmedia%2Fseries%2F1092.jpg&amp;desc=%D7%A4%D7%A8%D7%A4%D7%A8+%D7%A0%D7%97%D7%9E%D7%93+%D7%94%D7%99%D7%90+%D7%AA%D7%95%D7%9B%D7%A0%D7%99%D7%AA+%D7%98%D7%9C%D7%95%D7%95%D7%99%D7%96%D7%99%D7%94+%D7%97%D7%99%D7%A0%D7%95%D7%9B%D7%99%D7%AA+%D7%99%D7%A9%D7%A8%D7%90%D7%9C%D7%99%D7%AA+%D7%9C%D7%99%D7%9C%D7%93%D7%99%D7%9D+%D7%91%D7%92%D7%99%D7%9C%D7%90%D7%99+%D7%94%D7%92%D7%9F%2C+%D7%A9%D7%93%D7%A0%D7%94%2C+%D7%91%D7%90%D7%9E%D7%A6%D7%A2%D7%95%D7%AA+%D7%A9%D7%99%D7%97+%D7%91%D7%99%D7%9F+%D7%9E%D7%A0%D7%97%D7%99%D7%9D+%D7%9C%D7%91%D7%95%D7%91%D7%95%D7%AA%2C+%D7%91%D7%93%D7%99%D7%9C%D7%9E%D7%95%D7%AA+%D7%95%D7%A1%D7%95%D7%92%D7%99%D7%95%D7%AA+%D7%A9%D7%95%D7%A0%D7%95%D7%AA+%D7%9E%D7%A2%D7%95%D7%9C%D7%9E%D7%9D+%D7%A9%D7%9C+%D7%94%D7%99%D7%9C%D7%93%D7%99%D7%9D.&amp;num=1&amp;viewtype=50&amp;fanart=C:\\Users\\Elad\\AppData\\Roaming\\Kodi\\addons\\plugin.video.featherence.kids\\fanart.jpg&quot;,return)</action>
	</shortcut>
	<shortcut>
		<defaultID/>
		<label>עוזי חיטמן</label>
		<label2>הרחבת וידאו</label2>
		<icon>DefaultShortcut.png</icon>
		<thumb>special://profile/addon_data/script.skinshortcuts/skin.eminence.zeev-thumb-עוזי חיטמן.jpg</thumb>
		<action>ActivateWindow(10025,&quot;plugin://plugin.video.featherence.kids/?url=%5B%27%26wallaNew%3Ditem_id%253D2538763%27%2C+%27%26youtube_pl%3DPLB58E216840771949%27%2C+%27%26youtube_pl%3DPL0145D27A0D5E1810%27%2C+%27%26youtube_pl%3DPLC740DFBAF8C3F893%27%2C+%27%26youtube_id%3DYMLsE_DMPGQ%27%2C+%27%26youtube_id%3D21zlKTnPBcU%27%5D&amp;mode=17&amp;name=%D7%A2%D7%95%D7%96%D7%99+%D7%97%D7%99%D7%98%D7%9E%D7%9F&amp;iconimage=http%3A%2F%2Fwww.lifemusic.co.il%2Ffiles%2Fsingers%2Fbig%2F1248883756s56Ly.jpg&amp;desc=%D7%A2%D7%95%D7%96%D7%99+%D7%97%D7%99%D7%98%D7%9E%D7%9F+%D7%94%D7%99%D7%94+%D7%96%D7%9E%D7%A8%2C+%D7%99%D7%95%D7%A6%D7%A8+%D7%9E%D7%9C%D7%97%D7%99%D7%9F%2C+%D7%A4%D7%96%D7%9E%D7%95%D7%A0%D7%90%D7%99+%D7%95%D7%9E%D7%A0%D7%97%D7%94+%D7%98%D7%9C%D7%95%D7%95%D7%99%D7%96%D7%99%D7%94+%D7%99%D7%A9%D7%A8%D7%90%D7%9C%D7%99.+%D7%9E%D7%94%D7%99%D7%95%D7%A6%D7%A8%D7%99%D7%9D+%D7%94%D7%91%D7%95%D7%9C%D7%98%D7%99%D7%9D+%D7%91%D7%96%D7%9E%D7%A8+%D7%94%D7%A2%D7%91%D7%A8%D7%99+%D7%A9%D7%9B%D7%AA%D7%91+%D7%91%D7%9E%D7%92%D7%95%D7%95%D7%9F+%D7%A1%D7%92%D7%A0%D7%95%D7%A0%D7%95%D7%AA.&amp;num=1&amp;viewtype=50&amp;fanart=C:\\Users\\Elad\\AppData\\Roaming\\Kodi\\addons\\plugin.video.featherence.kids\\fanart.jpg&quot;,return)</action>
	</shortcut>
	<shortcut>
		<defaultID/>
		<label>לולי</label>
		<label2>הרחבת וידאו</label2>
		<icon>DefaultShortcut.png</icon>
		<thumb>special://profile/addon_data/script.skinshortcuts/skin.eminence.zeev-thumb-לולי.jpg</thumb>
		<action>ActivateWindow(10025,&quot;plugin://plugin.video.lulitv/?action=showepisodes&amp;title=%D7%A8%D7%A6%D7%A3+%D7%A9%D7%99%D7%A8%D7%99%D7%9D+%D7%95%D7%AA%D7%95%D7%9B%D7%A0%D7%99%D7%95%D7%AA&amp;url=http%3A%2F%2Fluli.tv%2FItems.aspx%3FpageId%3D116&amp;thumbnail=http%3A%2F%2Fluli.tv%2FImg%2FAlbums%2F675%2Fmedium%2Fluli.jpg&amp;plot=&amp;extra=&amp;page=&quot;,return)</action>
	</shortcut>
	<shortcut>
		<defaultID/>
		<label>ערוץ הופ!</label>
		<label2>Custom shortcut</label2>
		<icon>DefaultShortcut.png</icon>
		<thumb>special://profile/addon_data/script.skinshortcuts/skin.eminence.zeev-thumb-ערוץ הופ!.jpg</thumb>
		<action>ActivateWindow(10025,&quot;plugin://plugin.video.hop&quot;,return)</action>
	</shortcut>
	<shortcut>
		<defaultID/>
		<label>יובל המבולבל</label>
		<label2>Custom shortcut</label2>
		<icon>DefaultShortcut.png</icon>
		<thumb>special://profile/addon_data/script.skinshortcuts/skin.eminence.zeev-thumb-יובל המבולבל.jpg</thumb>
		<action>ActivateWindow(10025,&quot;plugin://plugin.video.featherence.kids/?url=%5B%27%26youtube_ch%3D7yuval%27%2C+%27%26youtube_pl%3DPLzAqQoYm2t2xi_8LMKWYVfW0DjchcSzv0%27%2C+%27%26youtube_pl%3DPLfcYs4SRZfuIrU-AvQvAoJ01gW-EnlfHw%27%5D&amp;mode=17&amp;name=%D7%99%D7%95%D7%91%D7%9C+%D7%94%D7%9E%D7%91%D7%95%D7%9C%D7%91%D7%9C&amp;iconimage=http%3A%2F%2Fimages1.ynet.co.il%2FPicServer3%2F2013%2F05%2F29%2F4652192%2F3977474099288408529no.jpg&amp;desc=%D7%99%D7%95%D7%91%D7%9C+%D7%94%D7%9E%D7%91%D7%95%D7%9C%D7%91%D7%9C+%D7%94%D7%99%D7%90+%D7%A1%D7%93%D7%A8%D7%AA+%D7%98%D7%9C%D7%95%D7%95%D7%99%D7%96%D7%99%D7%94+%D7%99%D7%A9%D7%A8%D7%90%D7%9C%D7%99%D7%AA+%D7%94%D7%9E%D7%A9%D7%95%D7%93%D7%A8%D7%AA+%D7%91%D7%A2%D7%A8%D7%95%D7%A5+%D7%94%D7%95%D7%A4%21.+%D7%9C%D7%90%D7%95%D7%A8+%D7%94%D7%94%D7%A6%D7%9C%D7%97%D7%94+%D7%94%D7%A8%D7%91%D7%94+%D7%A9%D7%9C+%D7%94%D7%AA%D7%95%D7%9B%D7%A0%D7%99%D7%AA%2C+%D7%94%D7%95%D7%97%D7%9C%D7%98+%D7%9C%D7%94%D7%A8%D7%97%D7%99%D7%91+%D7%90%D7%AA+%D7%94%D7%A4%D7%95%D7%A8%D7%9E%D7%98+%D7%94%D7%A7%D7%99%D7%99%D7%9D+%D7%A9%D7%9C%D7%94.+%D7%91%D7%A1%D7%93%D7%A8%D7%94+%D7%96%D7%95+%D7%9C%D7%90%D7%97%D7%A8+%D7%A9%D7%99%D7%95%D7%91%D7%9C+%D7%94%D7%9E%D7%91%D7%95%D7%9C%D7%91%D7%9C+%D7%A7%D7%99%D7%91%D7%9C+%D7%90%D7%AA+%D7%94%D7%97%D7%95%D7%9C%D7%A6%D7%94+%D7%A2%D7%9D+%D7%94%D7%9B%D7%95%D7%9B%D7%91+%D7%94%D7%95%D7%90+%D7%9E%D7%92%D7%99%D7%A2+%D7%9C%D7%A2%D7%A8%D7%95%D7%A5+%D7%94%D7%95%D7%A4+%D7%A2%D7%9D+%D7%97%D7%91%D7%A8+%D7%97%D7%93%D7%A9+%D7%91%D7%A9%D7%9D+%D7%A6%D7%99%27%D7%A4+%D7%95%D7%9B%D7%9C+%D7%94%D7%96%D7%9E%D7%9F+%D7%94%D7%95%D7%90+%D7%9E%D7%AA%D7%91%D7%9C%D7%91%D7%9C.&amp;num=1&amp;viewtype=&amp;fanart=http://www.ashdodnet.com/dyncontent/t_post/2012/7/24/26370203843604787436.jpg&quot;,return)</action>
	</shortcut>
</shortcuts>