<?xml version="1.0" encoding="utf-8"?><shortcuts>
	<shortcut>
		<defaultID>x1101</defaultID>
		<label>20342</label>
		<label2>Hub 1101</label2>
		<icon>DefaultShortcut.png</icon>
		<thumb>special://profile/addon_data/script.skinshortcuts/skin.eminence.zeev-thumb-x1101.png</thumb>
		<action>ActivateWindow(1101)</action>
	</shortcut>
	<shortcut>
		<defaultID>x1102</defaultID>
		<label>20343</label>
		<label2>Hub 1102</label2>
		<icon>DefaultShortcut.png</icon>
		<thumb>special://profile/addon_data/script.skinshortcuts/skin.eminence.zeev-thumb-x1102.png</thumb>
		<action>ActivateWindow(1102)</action>
	</shortcut>
	<shortcut>
		<defaultID>livetv</defaultID>
		<label>31343584</label>
		<label2>Common Shortcut</label2>
		<icon>special://skin/extras/icons/adir_icons/imac-icon2.png</icon>
		<thumb/>
		<action>ActivateWindow(MyPVR)</action>
	</shortcut>
	<shortcut>
		<defaultID>x1112</defaultID>
		<label>$SKIN[31314|skin.eminence.zeev|VOD]</label>
		<label2>Hub 1112</label2>
		<icon>special://skin/extras/icons/adir_icons/vhs-icon 2.png</icon>
		<thumb/>
		<action>ActivateWindow(1112)</action>
	</shortcut>
	<shortcut>
		<defaultID>1037</defaultID>
		<label>1037</label>
		<label2>Common Shortcut</label2>
		<icon>special://skin/extras/icons/adir_icons/film-icon 2.png</icon>
		<thumb/>
		<action>ActivateWindow(Videos,Addons,return)</action>
	</shortcut>
	<shortcut>
		<defaultID>weather</defaultID>
		<label>8</label>
		<label2>Common Shortcut</label2>
		<icon>special://skin/extras/icons/sun.png</icon>
		<thumb/>
		<action>ActivateWindow(Weather)</action>
	</shortcut>
	<shortcut>
		<defaultID>programs</defaultID>
		<label>1036</label>
		<label2>Common Shortcut</label2>
		<icon>special://skin/extras/icons/favourites.png</icon>
		<thumb/>
		<action>ActivateWindow(Favourites)</action>
	</shortcut>
	<shortcut>
		<defaultID>10001</defaultID>
		<label>10001</label>
		<label2>Common Shortcut</label2>
		<icon>special://skin/extras/icons/adir_icons/tohnot.png</icon>
		<thumb/>
		<action>ActivateWindow(Programs,Addons,return)</action>
	</shortcut>
	<shortcut>
		<defaultID>settings</defaultID>
		<label>10004</label>
		<label2>Common Shortcut</label2>
		<icon>special://skin/extras/icons/settings.png</icon>
		<thumb/>
		<action>ActivateWindow(Settings)</action>
	</shortcut>
	<shortcut>
		<defaultID>power</defaultID>
		<label>33060</label>
		<label2>Common Shortcut</label2>
		<icon>special://skin/extras/icons/adir_icons/on off.png</icon>
		<thumb/>
		<action>ActivateWindow(shutdownmenu)</action>
	</shortcut>
</shortcuts>