<?xml version="1.0" encoding="utf-8"?><shortcuts>
	<shortcut>
		<defaultID/>
		<label>הרחבות ילדים - ישראלי</label>
		<label2>Custom item</label2>
		<icon>DefaultShortcut.png</icon>
		<thumb>special://profile/addon_data/script.skinshortcuts/skin.eminence.zeev-thumb-הרחבות ילדים - ישראלי.png</thumb>
		<action>ActivateWindow(VideoLibrary,&quot;plugin://plugin.video.Vodil/?url=url&amp;mode=12&amp;name=%D7%99%D7%9C%D7%93%D7%99%D7%9D&quot;,return)</action>
	</shortcut>
	<shortcut>
		<defaultID/>
		<label>תוכניות לילדים - כל הגילאים</label>
		<label2>Custom shortcut</label2>
		<icon>DefaultShortcut.png</icon>
		<thumb>special://profile/addon_data/script.skinshortcuts/skin.eminence.zeev-thumb-תוכניות לילדים - כל הגילאים.png</thumb>
		<action>ActivateWindow(10025,&quot;plugin://plugin.video.featherence.kids&quot;,return)</action>
	</shortcut>
	<shortcut>
		<defaultID/>
		<label>ערוץ הילדים</label>
		<label2>Custom item</label2>
		<icon>DefaultShortcut.png</icon>
		<thumb>special://profile/addon_data/script.skinshortcuts/skin.eminence.zeev-thumb-ערוץ הילדים.png</thumb>
		<action>ActivateWindow(VideoLibrary,&quot;plugin://plugin.video.Vodil/?url=PLeagipoZmyfkWkyetCWsJMGy8yBvHdJs-&amp;mode=27&amp;name=%D7%A2%D7%A8%D7%95%D7%A5+%D7%94%D7%99%D7%9C%D7%93%D7%99%D7%9D&quot;,return)</action>
	</shortcut>
	<shortcut>
		<defaultID/>
		<label>תוכניות ילדים</label>
		<label2>Custom shortcut</label2>
		<icon>DefaultShortcut.png</icon>
		<thumb>special://profile/addon_data/script.skinshortcuts/skin.eminence.zeev-thumb-תוכניות ילדים.png</thumb>
		<action>ActivateWindow(10025,&quot;plugin://plugin.video.MakoTV/?url=http%3A%2F%2Fwww.mako.co.il%2Fmako-vod-kids&amp;mode=0&amp;name=%D7%AA%D7%9B%D7%A0%D7%99%D7%95%D7%AA+%D7%99%D7%9C%D7%93%D7%99%D7%9D&amp;iconimage=http://now.tufts.edu/sites/default/files/111116_kids_TV_illo_L.JPG&quot;,return)</action>
	</shortcut>
	<shortcut>
		<defaultID/>
		<label>סרטים מצוירים</label>
		<label2>Custom item</label2>
		<icon>DefaultShortcut.png</icon>
		<thumb>special://profile/addon_data/script.skinshortcuts/skin.eminence.zeev-thumb-סרטים מצוירים.png</thumb>
		<action>ActivateWindow(VideoLibrary,&quot;plugin://plugin.video.phstreams/?action=CartoonCrazy&amp;url=0&amp;image=http%3A%2F%2Fphoenixtv.offshorepastebin.com%2Fart%2Fcartoon%2Fart3.png&amp;fanart=http%3A%2F%2Fphoenixtv.offshorepastebin.com%2Fart%2Fcartoon%2Ffanart.jpg&quot;,return)</action>
	</shortcut>
	<shortcut>
		<defaultID/>
		<label>בוב ספוג</label>
		<label2>Custom item</label2>
		<icon>DefaultShortcut.png</icon>
		<thumb>special://profile/addon_data/script.skinshortcuts/skin.eminence.zeev-thumb-בוב ספוג.png</thumb>
		<action>PlayMedia(&quot;plugin://plugin.video.phstreams/?action=play&amp;url=%3Csublink%3Ehttp%3A%2F%2Fveetle.com%2Findex.php%2Fchannel%2Fview%2350686cb1bbaa9%3C%2Fsublink%3E%3Csublink%3Ehttp%3A%2F%2Flmshows.se%2Fsb.php%3C%2Fsublink%3E&quot;,return)</action>
	</shortcut>
	<shortcut>
		<defaultID/>
		<label>ניק גוניור</label>
		<label2>Custom item</label2>
		<icon>DefaultShortcut.png</icon>
		<thumb>special://profile/addon_data/script.skinshortcuts/skin.eminence.zeev-thumb-ניק גוניור.png</thumb>
		<action>ActivateWindow(VideoLibrary,&quot;plugin://plugin.video.Vodil/?url=PLbrxg_e8MbbF-psMIds86ndWuTehx4kQS&amp;mode=19&amp;name=%D7%A0%D7%99%D7%A7+%D7%92%D7%95%D7%A0%D7%99%D7%95%D7%A8&quot;,return)</action>
	</shortcut>
	<shortcut>
		<defaultID/>
		<label>לוגי</label>
		<label2>Custom item</label2>
		<icon>DefaultShortcut.png</icon>
		<thumb>special://profile/addon_data/script.skinshortcuts/skin.eminence.zeev-thumb-לוגי.png</thumb>
		<action>ActivateWindow(VideoLibrary,&quot;plugin://plugin.video.Vodil/?url=PLtXcJHjzQOdOJyKUf4N_im5szCADvUbb_&amp;mode=21&amp;name=%D7%9C%D7%95%D7%92%D7%99&quot;,return)</action>
	</shortcut>
	<shortcut>
		<defaultID/>
		<label>Kidsil</label>
		<label2>Custom shortcut</label2>
		<icon>DefaultShortcut.png</icon>
		<thumb>special://profile/addon_data/script.skinshortcuts/skin.eminence.zeev-thumb-Kidsil.png</thumb>
		<action>ActivateWindow(10025,&quot;plugin://plugin.video.KIDSIL&quot;,return)</action>
	</shortcut>
	<shortcut>
		<defaultID/>
		<label>Moviex</label>
		<label2>Custom item</label2>
		<icon>DefaultShortcut.png</icon>
		<thumb>special://profile/addon_data/script.skinshortcuts/skin.eminence.zeev-thumb-Moviex.png</thumb>
		<action>ActivateWindow(VideoLibrary,&quot;plugin://plugin.video.movixws&quot;,return)</action>
	</shortcut>
	<shortcut>
		<defaultID/>
		<label>הופ</label>
		<label2>Custom item</label2>
		<icon>DefaultShortcut.png</icon>
		<thumb>special://profile/addon_data/script.skinshortcuts/skin.eminence.zeev-thumb-הופ.png</thumb>
		<action>ActivateWindow(VideoLibrary,&quot;plugin://plugin.video.Vodil/?url=PLeagipoZmyfmBwqCrCc8p7cE6QdLes-eL&amp;mode=22&amp;name=%D7%94%D7%95%D7%A4&quot;,return)</action>
	</shortcut>
	<shortcut>
		<defaultID/>
		<label>לולי</label>
		<label2>Custom item</label2>
		<icon>DefaultShortcut.png</icon>
		<thumb>special://profile/addon_data/script.skinshortcuts/skin.eminence.zeev-thumb-לולי.png</thumb>
		<action>ActivateWindow(VideoLibrary,&quot;plugin://plugin.video.Vodil/?url=PLqcNVz8UuCsLhpzTjL0JGj3YuMyWWd5Ug&amp;mode=24&amp;name=%D7%9C%D7%95%D7%9C%D7%99&quot;,return)</action>
	</shortcut>
	<shortcut>
		<defaultID/>
		<label>בייבי</label>
		<label2>Custom item</label2>
		<icon>DefaultShortcut.png</icon>
		<thumb>special://profile/addon_data/script.skinshortcuts/skin.eminence.zeev-thumb-בייבי.png</thumb>
		<action>ActivateWindow(VideoLibrary,&quot;plugin://plugin.video.Vodil/?url=PLsFmiuNwu758huWLmxTM4NCln7tbqJDPn&amp;mode=25&amp;name=%D7%91%D7%99%D7%99%D7%91%D7%99&quot;,return)</action>
	</shortcut>
	<shortcut>
		<defaultID/>
		<label>סרטי ילדים</label>
		<label2>Custom item</label2>
		<icon>DefaultShortcut.png</icon>
		<thumb>special://profile/addon_data/script.skinshortcuts/skin.eminence.zeev-thumb-סרטי ילדים.png</thumb>
		<action>ActivateWindow(VideoLibrary,&quot;plugin://plugin.video.featherence.kids/?url=None&amp;mode=105&amp;name=%D7%A1%D7%A8%D7%98%D7%99%D7%9D+%D7%9C%D7%99%D7%9C%D7%93%D7%99%D7%9D&amp;iconimage=%2FUsers%2Faviabeksis%2FLibrary%2FApplication+Support%2FKodi%2Faddons%2Fscript.featherence.service%2Fresources%2Ficons%2Fmovies.png&amp;desc=%D7%A6%D7%A4%D7%94+%D7%91%D7%9E%D7%92%D7%95%D7%95%D7%9F+%D7%A2%D7%A6%D7%95%D7%9D+%D7%A9%D7%9C+%D7%A1%D7%A8%D7%98%D7%99%D7%9D+%D7%9C%D7%99%D7%9C%D7%93%D7%99%D7%9D.&amp;num=1&amp;viewtype=1&amp;fanart=http://4.bp.blogspot.com/-Af2HcIQzlg8/UhwQ8lKPucI/AAAAAAAACIA/d7aY4RrxUfk/s1600/bambi-friends-disney-animated-movie-photo.jpg&quot;,return)</action>
	</shortcut>
</shortcuts>