<?xml version="1.0" encoding="utf-8"?><shortcuts>
	<shortcut>
		<defaultID/>
		<label>הרחבה דוקומנטרית - iConspire</label>
		<label2>Custom item</label2>
		<icon>DefaultShortcut.png</icon>
		<thumb>special://profile/addon_data/script.skinshortcuts/skin.eminence.zeev-thumb-הרחבה דוקומנטרית - iConspire.png</thumb>
		<action>ActivateWindow(VideoLibrary,&quot;plugin://plugin.video.iconspire&quot;,return)</action>
	</shortcut>
	<shortcut>
		<defaultID/>
		<label>דוקומנטרי By Pheonix</label>
		<label2>Custom item</label2>
		<icon>DefaultShortcut.png</icon>
		<thumb>special://profile/addon_data/script.skinshortcuts/skin.eminence.zeev-thumb-דוקומנטרי By Pheonix.png</thumb>
		<action>ActivateWindow(VideoLibrary,&quot;plugin://plugin.video.phstreams/?action=directory&amp;url=http%3A%2F%2Ftnpb.offshorepastebin.com%2FDirectories%2FMain%2520Directory%2FDocs%2520Main.xml&quot;,return)</action>
	</shortcut>
</shortcuts>