<?xml version="1.0" encoding="utf-8"?><shortcuts>
	<shortcut>
		<defaultID/>
		<label>ספורט ישראלי</label>
		<label2>Custom item</label2>
		<icon>DefaultShortcut.png</icon>
		<thumb>special://profile/addon_data/script.skinshortcuts/skin.eminence.zeev-thumb-ספורט ישראלי.png</thumb>
		<action>ActivateWindow(VideoLibrary,&quot;plugin://plugin.video.israelsports&quot;,return)</action>
	</shortcut>
	<shortcut>
		<defaultID/>
		<label>כדורסל NBA</label>
		<label2>Custom item</label2>
		<icon>DefaultShortcut.png</icon>
		<thumb>special://profile/addon_data/script.skinshortcuts/skin.eminence.zeev-thumb-כדורסל NBA.png</thumb>
		<action>ActivateWindow(VideoLibrary,&quot;plugin://plugin.video.prosport&quot;,return)</action>
	</shortcut>
	<shortcut>
		<defaultID/>
		<label>ספורט חי מהעולם 1</label>
		<label2>Custom item</label2>
		<icon>DefaultShortcut.png</icon>
		<thumb>special://profile/addon_data/script.skinshortcuts/skin.eminence.zeev-thumb-ספורט חי מהעולם 1.png</thumb>
		<action>ActivateWindow(VideoLibrary,&quot;plugin://plugin.video.castaway/?mode=live_sport&quot;,return)</action>
	</shortcut>
	<shortcut>
		<defaultID/>
		<label>ערוצי ספורט מכל העולם</label>
		<label2>Custom item</label2>
		<icon>DefaultShortcut.png</icon>
		<thumb>special://profile/addon_data/script.skinshortcuts/skin.eminence.zeev-thumb-ערוצי ספורט מכל העולם.png</thumb>
		<action>ActivateWindow(VideoLibrary,&quot;plugin://plugin.video.AwesomeStreams&quot;,return)</action>
	</shortcut>
</shortcuts>