<?xml version="1.0" encoding="utf-8"?><shortcuts>
	<shortcut>
		<defaultID/>
		<label>דיסקברי</label>
		<label2>Custom item</label2>
		<icon>DefaultShortcut.png</icon>
		<thumb>special://profile/addon_data/script.skinshortcuts/skin.eminence.zeev-thumb-דיסקברי.png</thumb>
		<action>PlayMedia(&quot;plugin://plugin.video.anarchitv/?url=http%3A%2F%2F194.8.147.146%3A4022%2Fudp%2F239.0.0.119%3A4000&amp;mode=1&amp;name=Discovery+HD+-R%2FE+%5BB%5D%5BCOLOR+yellow%5D+%D7%93%D7%95%D7%A7%D7%95%D7%9E%D7%A0%D7%98%D7%A8%D7%99+-+%5B%2FCOLOR%5D%5B%2FB%5D&amp;iconimage=http%3A%2F%2Fanarchitv.co%2FTV%2FLogos%2Fdiscovery.png&quot;,return)</action>
	</shortcut>
	<shortcut>
		<defaultID/>
		<label>ערוץ ההיסטוריה</label>
		<label2>Custom item</label2>
		<icon>DefaultShortcut.png</icon>
		<thumb>special://profile/addon_data/script.skinshortcuts/skin.eminence.zeev-thumb-ערוץ ההיסטוריה.png</thumb>
		<action>PlayMedia(&quot;plugin://plugin.video.ccloudtv/?url=https%3A%2F%2Fhistory-lh.akamaihd.net%2Fi%2FHistory_1%40156885%2Fmaster.m3u8&amp;mode=1&amp;name=History+Canada+%28Documentary%29+%28CA%29+%28English%29&amp;iconimage=http%3A%2F%2Fwww.userlogos.org%2Ffiles%2Flogos%2F14505_deva%2Fccloud1.png&quot;,return)</action>
	</shortcut>
	<shortcut>
		<defaultID/>
		<label>נשיונל גאוגרפיק</label>
		<label2>Custom item</label2>
		<icon>DefaultShortcut.png</icon>
		<thumb>special://profile/addon_data/script.skinshortcuts/skin.eminence.zeev-thumb-נשיונל גאוגרפיק.png</thumb>
		<action>PlayMedia(&quot;plugin://plugin.video.anarchitv/?url=http%3A%2F%2F194.8.147.146%3A4022%2Fudp%2F239.0.0.35%3A4000&amp;mode=1&amp;name=National+Geographic+-R%2FE+%5BB%5D%5BCOLOR+yellow%5D+%D7%93%D7%95%D7%A7%D7%95%D7%9E%D7%A0%D7%98%D7%A8%D7%99+-+%5B%2FCOLOR%5D%5B%2FB%5D&amp;iconimage=http%3A%2F%2Fanarchitv.co%2FTV%2FLogos%2Fnationalgeographic.png&quot;,return)</action>
	</shortcut>
	<shortcut>
		<defaultID/>
		<label>אנימל פלאנט</label>
		<label2>Custom item</label2>
		<icon>DefaultShortcut.png</icon>
		<thumb>special://profile/addon_data/script.skinshortcuts/skin.eminence.zeev-thumb-אנימל פלאנט.png</thumb>
		<action>PlayMedia(&quot;plugin://plugin.video.ccloudtv/?url=http%3A%2F%2Fiphone-streaming.ustream.tv%2Fuhls%2F17448463%2Fstreams%2Flive%2Fiphone%2Fplaylist.m3u8&amp;mode=1&amp;name=Animal+Planet+Live+%28Documentary%29+%28US%29+%28English%29&amp;iconimage=https%3A%2F%2Fencrypted-tbn0.gstatic.com%2Fimages%3Fq%3Dtbn%3AANd9GcTNOZ8YNxtkqlITEqa1sJJ2HzWWJo3cbIJf2WsTV73Z3Hl3xJaU7u8VVA&quot;,return)</action>
	</shortcut>
	<shortcut>
		<defaultID/>
		<label>תוכניות טבע</label>
		<label2>Custom item</label2>
		<icon>DefaultShortcut.png</icon>
		<thumb>special://profile/addon_data/script.skinshortcuts/skin.eminence.zeev-thumb-תוכניות טבע.png</thumb>
		<action>ActivateWindow(VideoLibrary,&quot;plugin://plugin.video.kodisraelnature&quot;,return)</action>
	</shortcut>
</shortcuts>