<?xml version="1.0" encoding="utf-8"?><shortcuts>
	<shortcut>
		<action>ActivateWindow(10025,&quot;plugin://plugin.video.KIDSIL&quot;,return)</action>
		<label>$LOCALIZE[43773]</label>
		<label2>הרחבת וידאו</label2>
		<defaultID/>
		<icon>special://skin/extras/icons/adir_icons/ch2.png</icon>
	</shortcut>
	<shortcut>
		<action>ActivateWindow(10025,&quot;plugin://plugin.video.kodisraelkids&quot;,return)</action>
		<label>$LOCALIZE[43774]</label>
		<label2>הרחבת וידאו</label2>
		<defaultID/>
		<icon>special://skin/extras/icons/adir_icons/ch2.png</icon>
	</shortcut>
	<shortcut>
		<action>ActivateWindow(10025,&quot;plugin://plugin.video.featherence.kids&quot;,return)</action>
		<label>$LOCALIZE[43775]</label>
		<label2>הרחבת וידאו</label2>
		<defaultID/>
		<icon>special://skin/extras/icons/adir_icons/ch2.png</icon>
	</shortcut>
	<shortcut>
		<action>ActivateWindow(10025,&quot;plugin://plugin.video.lulitv&quot;,return)</action>
		<label>$LOCALIZE[43776]</label>
		<label2>הרחבת וידאו</label2>
		<defaultID/>
		<icon>special://skin/extras/icons/adir_icons/ch2.png</icon>
	</shortcut>
	<shortcut>
		<action>ActivateWindow(10025,&quot;plugin://plugin.video.hop&quot;,return)</action>
		<label>$LOCALIZE[43777]</label>
		<label2>הרחבת וידאו</label2>
		<defaultID/>
		<icon>special://skin/extras/icons/adir_icons/ch2.png</icon>
	</shortcut>
	<shortcut>
		<action>ActivateWindow(10025,&quot;plugin://plugin.video.htpt.kids/?url=&amp;mode=101&amp;name=%D7%A9%D7%99%D7%A8%D7%99%D7%9D+%D7%95%D7%A1%D7%99%D7%A4%D7%95%D7%A8%D7%99%D7%9D+%D7%9C%D7%99%D7%9C%D7%93%D7%99%D7%9D&amp;iconimage=C%3A%5CUsers%5CZEEV%5CAppData%5CRoaming%5CKodi%5Caddons%5Cplugin.video.htpt.kids%5Cresources%5Cmedia%5C41.png&amp;desc=&amp;num=1&amp;viewtype=58&quot;,return)</action>
		<label>$LOCALIZE[43778]</label>
		<label2>הרחבת וידאו</label2>
		<defaultID/>
		<icon>special://skin/extras/icons/adir_icons/ch2.png</icon>
	</shortcut>
	<shortcut>
		<action>ActivateWindow(10025,&quot;plugin://plugin.video.htpt.kids/?url=&amp;mode=102&amp;name=%D7%94%D7%A6%D7%92%D7%95%D7%AA+%D7%9C%D7%99%D7%9C%D7%93%D7%99%D7%9D&amp;iconimage=C%3A%5CUsers%5CZEEV%5CAppData%5CRoaming%5CKodi%5Caddons%5Cplugin.video.htpt.kids%5Cresources%5Cmedia%5C42.jpg&amp;desc=&amp;num=1&amp;viewtype=58&quot;,return)</action>
		<label>$LOCALIZE[43779]</label>
		<label2>הרחבת וידאו</label2>
		<defaultID/>
		<icon>special://skin/extras/icons/adir_icons/ch2.png</icon>
	</shortcut>
	<shortcut>
		<action>ActivateWindow(10025,&quot;plugin://plugin.video.htpt.kids/?url=&amp;mode=104&amp;name=%D7%A1%D7%93%D7%A8%D7%95%D7%AA+%D7%9C%D7%99%D7%9C%D7%93%D7%99%D7%9D&amp;iconimage=C%3A%5CUsers%5CZEEV%5CAppData%5CRoaming%5CKodi%5Caddons%5Cplugin.video.htpt.kids%5Cresources%5Cmedia%5C44.png&amp;desc=&amp;num=1&amp;viewtype=58&quot;,return)</action>
		<label>$LOCALIZE[43780]</label>
		<label2>הרחבת וידאו</label2>
		<defaultID/>
		<icon>special://skin/extras/icons/adir_icons/ch2.png</icon>
	</shortcut>
	<shortcut>
		<action>ActivateWindow(10025,&quot;plugin://plugin.video.htpt.kids/?url=&amp;mode=105&amp;name=%D7%A1%D7%A8%D7%98%D7%99%D7%9D+%D7%9C%D7%99%D7%9C%D7%93%D7%99%D7%9D&amp;iconimage=C%3A%5CUsers%5CZEEV%5CAppData%5CRoaming%5CKodi%5Caddons%5Cplugin.video.htpt.kids%5Cresources%5Cmedia%5C45.jpg&amp;desc=&amp;num=1&amp;viewtype=50&quot;,return)</action>
		<label>$LOCALIZE[43781]</label>
		<label2>הרחבת וידאו</label2>
		<defaultID/>
		<icon>special://skin/extras/icons/adir_icons/ch2.png</icon>
	</shortcut>
	<shortcut>
		<action>ActivateWindow(10025,&quot;plugin://plugin.video.htpt.kids/?url=&amp;mode=106&amp;name=%D7%9C%D7%A4%D7%A2%D7%95%D7%98%D7%95%D7%AA&amp;iconimage=C%3A%5CUsers%5CZEEV%5CAppData%5CRoaming%5CKodi%5Caddons%5Cplugin.video.htpt.kids%5Cresources%5Cmedia%5C46.png&amp;desc=&amp;num=1&amp;viewtype=58&quot;,return)</action>
		<label>$LOCALIZE[43782]</label>
		<label2>הרחבת וידאו</label2>
		<defaultID/>
		<icon>special://skin/extras/icons/adir_icons/ch2.png</icon>
	</shortcut>
	<shortcut>
		<action>ActivateWindow(10025,&quot;plugin://plugin.video.htpt.kids/?url=&amp;mode=107&amp;name=%D7%9C%D7%A7%D7%98%D7%A0%D7%98%D7%A0%D7%99%D7%9D&amp;iconimage=C%3A%5CUsers%5CZEEV%5CAppData%5CRoaming%5CKodi%5Caddons%5Cplugin.video.htpt.kids%5Cresources%5Cmedia%5C47.jpg&amp;desc=&amp;num=1&amp;viewtype=58&quot;,return)</action>
		<label>$LOCALIZE[43783]</label>
		<label2>הרחבת וידאו</label2>
		<defaultID/>
		<icon>special://skin/extras/icons/adir_icons/ch2.png</icon>
	</shortcut>
	<shortcut>
		<action>ActivateWindow(10025,&quot;plugin://plugin.video.htpt.kids/?url=&amp;mode=108&amp;name=%D7%9C%D7%99%D7%9C%D7%93%D7%99%D7%9D+%D7%95%D7%A0%D7%95%D7%A2%D7%A8&amp;iconimage=C%3A%5CUsers%5CZEEV%5CAppData%5CRoaming%5CKodi%5Caddons%5Cplugin.video.htpt.kids%5Cresources%5Cmedia%5C48.jpg&amp;desc=&amp;num=1&amp;viewtype=50&quot;,return)</action>
		<label>$LOCALIZE[43784]</label>
		<label2>הרחבת וידאו</label2>
		<defaultID/>
		<icon>special://skin/extras/icons/adir_icons/ch2.png</icon>
	</shortcut>
</shortcuts>