<?xml version="1.0" encoding="utf-8"?><shortcuts>
	<shortcut>
		<defaultID>31093</defaultID>
		<label>סרטים</label>
		<label2>Hub 1101</label2>
		<icon>special://skin/extras/icons/film.png</icon>
		<thumb/>
		<action>ActivateWindow(1101)</action>
	</shortcut>
	<shortcut>
		<defaultID>31094</defaultID>
		<label>סדרות</label>
		<label2>Hub 1102</label2>
		<icon>special://skin/extras/icons/tv.png</icon>
		<thumb/>
		<action>ActivateWindow(1102)</action>
	</shortcut>
	<shortcut>
		<defaultID>music</defaultID>
		<label>10005</label>
		<label2/>
		<icon>special://skin/extras/icons/songs.png</icon>
		<thumb/>
		<action>ActivateWindow(Music,musicdb://,return)</action>
	</shortcut>
	<shortcut>
		<defaultID>weather</defaultID>
		<label>8</label>
		<label2>Common Shortcut</label2>
		<icon>special://skin/extras/icons/sun.png</icon>
		<thumb/>
		<action>ActivateWindow(Weather)</action>
	</shortcut>
	<shortcut>
		<defaultID>pictures</defaultID>
		<label>10002</label>
		<label2/>
		<icon>special://skin/extras/icons/pictures.png</icon>
		<thumb/>
		<action>ActivateWindow(pictures,return)</action>
	</shortcut>
	<shortcut>
		<defaultID>programs</defaultID>
		<label>1036</label>
		<label2>Common Shortcut</label2>
		<icon>special://skin/extras/icons/favourites.png</icon>
		<thumb/>
		<action>ActivateWindow(Favourites)</action>
	</shortcut>
	<shortcut>
		<defaultID>videos</defaultID>
		<label>10006</label>
		<label2/>
		<icon>special://skin/extras/icons/videos.png</icon>
		<thumb>special://profile/addon_data/script.skinshortcuts/skin.eminence.zeev-thumb-videos.png</thumb>
		<action>ActivateWindow(Video,return)</action>
	</shortcut>
	<shortcut>
		<defaultID>7</defaultID>
		<label>7</label>
		<label2/>
		<icon>special://skin/extras/icons/files.png</icon>
		<thumb/>
		<action>ActivateWindow(filemanager)</action>
	</shortcut>
	<shortcut>
		<defaultID>settings</defaultID>
		<label>10004</label>
		<label2>Common Shortcut</label2>
		<icon>special://skin/extras/icons/settings.png</icon>
		<thumb/>
		<action>ActivateWindow(Settings)</action>
	</shortcut>
	<shortcut>
		<defaultID>power</defaultID>
		<label>33060</label>
		<label2>Common Shortcut</label2>
		<icon>special://skin/extras/icons/adir_icons/on off.png</icon>
		<thumb/>
		<action>ActivateWindow(shutdownmenu)</action>
	</shortcut>
</shortcuts>