<?xml version="1.0" encoding="utf-8"?><shortcuts>
	<shortcut>
		<defaultID>tvshows</defaultID>
		<label>43753</label>
		<label2>Episode Hub Shortcut</label2>
		<icon>special://skin/extras/icons/infinity.png</icon>
		<thumb/>
		<action>ActivateWindow(Videos,TvShowTitles,return)</action>
	</shortcut>
	<shortcut>
		<defaultID>31100</defaultID>
		<label>$SKIN[31100|skin.eminence.zeev|נוספו לאחרונה]</label>
		<label2>Episode Hub Shortcut</label2>
		<icon>special://skin/extras/icons/recentlyadded.png</icon>
		<thumb/>
		<action>ActivateWindow(Videos,RecentlyAddedEpisodes,return)</action>
	</shortcut>
	<shortcut>
		<defaultID>137</defaultID>
		<label>137</label>
		<label2>Episode Hub Shortcut</label2>
		<icon>special://skin/extras/icons/search.png</icon>
		<thumb/>
		<action>RunScript(script.globalsearch,tvshows=true&amp;episodes=true&amp;movies=true)</action>
	</shortcut>
	<shortcut>
		<defaultID>135</defaultID>
		<label>135</label>
		<label2>Episode Hub Shortcut</label2>
		<icon>special://skin/extras/icons/genre.png</icon>
		<thumb/>
		<action>ActivateWindow(Videos,TvShowGenres,return)</action>
	</shortcut>
	<shortcut>
		<defaultID>20388</defaultID>
		<label>20388</label>
		<label2>Episode Hub Shortcut</label2>
		<icon>special://skin/extras/icons/director.png</icon>
		<thumb/>
		<action>ActivateWindow(Videos,TvShowStudios,return)</action>
	</shortcut>
	<shortcut>
		<defaultID>344</defaultID>
		<label>344</label>
		<label2>Episode Hub Shortcut</label2>
		<icon>special://skin/extras/icons/actor.png</icon>
		<thumb/>
		<action>ActivateWindow(Videos,TvShowActors,return)</action>
	</shortcut>
	<shortcut>
		<defaultID>652</defaultID>
		<label>652</label>
		<label2>Episode Hub Shortcut</label2>
		<icon>special://skin/extras/icons/year.png</icon>
		<thumb/>
		<action>ActivateWindow(Videos,TvShowYears,return)</action>
	</shortcut>
	<shortcut>
		<defaultID>136</defaultID>
		<label>136</label>
		<label2>Episode Hub Shortcut</label2>
		<icon>special://skin/extras/icons/playlist.png</icon>
		<thumb/>
		<action>ActivateWindow(videos,special://videoplaylists/,return)</action>
	</shortcut>
	<shortcut>
		<defaultID>1214</defaultID>
		<label>1214</label>
		<label2>Episode Hub Shortcut</label2>
		<icon>special://skin/extras/icons/files.png</icon>
		<thumb/>
		<action>ActivateWindow(Videos,Files,return)</action>
	</shortcut>
	<shortcut>
		<defaultID>24001</defaultID>
		<label>24001</label>
		<label2>Episode Hub Shortcut</label2>
		<icon>special://skin/extras/icons/addons.png</icon>
		<thumb/>
		<action>ActivateWindow(videos,addons://sources/video/,return)</action>
	</shortcut>
	<shortcut>
		<defaultID>653</defaultID>
		<label>653</label>
		<label2>Episode Hub Shortcut</label2>
		<icon>special://skin/extras/icons/update.png</icon>
		<thumb/>
		<action>UpdateLibrary(video)</action>
	</shortcut>
</shortcuts>