{
 "name": "iSTREAM Direct IMDb Play (Q)",
 "plugin": "script.icechannel",
 "id": "provider.openeleq.istream.direct.imdb.play",
 "movies": [
  [
   {
    "link": "plugin://script.icechannel/?name={title}+&title={title}++%28{year}%29&item_title={title}++%28{year}%29&video_type=movie&indexer=movies&imdb_id={imdb}&mode=file_hosts&url=http%3A%2F%2Fimdb.com%2Ftitle%2F{imdb}&year={year}&item_mode=file_hosts&type=movies",
    "action": "PLAY"
   }
  ]
 ],
 "tvshows": [
  [
   {
    "link": "plugin://script.icechannel/?episode={episode}&name={showname}&title={title}&season={season}&section=&indexer=tv_shows&library=true&imdb_id={imdb}&video_type=episode&year={year}&type=tv_episodes&mode=file_hosts",
    "action": "PLAY"
   }
  ]
 ]
}
