{
 "name": "Salts HD Lite Direct Activate (Q)",
 "plugin": "plugin.video.saltshd.lite",
 "id": "provider.openeleq.saltshdlite.direct.activate",
 "movies": [
  [
   {
    "link": "plugin://plugin.video.saltshd.lite/?title={title}&video_type=Movie&trakt_id={trakt}&mode=get_sources&dialog=True&year={year}",
    "action": "ACTIVATE"
   }
  ]
 ],
 "tvshows": [
  [
   {
    "link": "plugin://plugin.video.saltshd.lite/?ep_airdate={firstaired}&trakt_id={trakt}&episode={episode}&mode=get_sources&dialog=True&title={showname}&ep_title={title}&season={season}&year={year}&video_type=Episode",
    "action": "ACTIVATE"
   }
  ]
 ]
}
