{
 "name": "UMP ANN/RT",
 "plugin": "plugin.program.ump",
 "id": "provider.openeleq.ump.annrt",
 "movies": [
  [
   {
    "link": "plugin://plugin.program.ump/?info=%7B%22status%22%3A+%22%22%2C+%22rating%22%3A+{info[rating]}%2C+%22plotoutline%22%3A+%22%22%2C+%22code%22%3A+%22{imdb}%22%2C+%22tagline%22%3A+%22%22%2C+%22season%22%3A+-1%2C+%22tvshowtitle%22%3A+%22%22%2C+%22artist%22%3A+%5B%5D%2C+%22aired%22%3A+%22%22%2C+%22tvshowalias%22%3A+%22%22%2C+%22director%22%3A+%22%22%2C+%22duration%22%3A+%22%22%2C+%22localtitle%22%3A+%22{title}%22%2C+%22studio%22%3A+%22%22%2C+%22year%22%3A+{year}%2C+%22genre%22%3A+%22%22%2C+%22tracknumber%22%3A+-1%2C+%22lastplayed%22%3A+%22%22%2C+%22album%22%3A+%22%22%2C+%22alternates%22%3A+%5B%22%22%5D%2C+%22count%22%3A+1%2C+%22plot%22%3A+%22%22%2C+%22votes%22%3A+%22%22%2C+%22castandrole%22%3A+%5B%22%22%5D%2C+%22episode%22%3A+-1%2C+%22overlay%22%3A+0%2C+%22credits%22%3A+%22%22%2C+%22mpaa%22%3A+%22%22%2C+%22title%22%3A+%22{title}%22%2C+%22premiered%22%3A+%22%22%2C+%22originaltitle%22%3A+%22{title}%22%2C+%22cast%22%3A+%5B%22%22%5D%2C+%22write%22%3A+%22%22%2C+%22sorttitle%22%3A+%22%22%2C+%22playcount%22%3A+-1%2C+%22size%22%3A+0%2C+%22top250%22%3A+-1%2C+%22trailer%22%3A+%22%22%2C+%22dateadded%22%3A+%22%22%7D&art=%7B%22thumb%22%3A+%22%22%2C+%22fanart%22%3A+%22%22%2C+%22poster%22%3A+%22%22%2C+%22clearlogo%22%3A+%22%22%2C+%22landscape%22%3A+%22%22%2C+%22banner%22%3A+%22%22%2C+%22clearart%22%3A+%22%22%7D&args=%7B%7D&module=imdb&content_type=video&page=urlselect",
    "action": "ACTIVATE"
   }
  ]
 ],
 "tvshows": [
  [
   {
    "link": "plugin://plugin.program.ump/?info=%7B%22status%22%3A+%22%22%2C+%22rating%22%3A+{info[rating]}%2C+%22plotoutline%22%3A+%22%22%2C+%22lastplayed%22%3A+%22%22%2C+%22tagline%22%3A+%22%22%2C+%22season%22%3A+{season}%2C+%22tvshowtitle%22%3A+%22{showname}%22%2C+%22artist%22%3A+%5B%5D%2C+%22aired%22%3A+%22%22%2C+%22credits%22%3A+%22%22%2C+%22director%22%3A+%22%22%2C+%22duration%22%3A+%22%22%2C+%22localtitle%22%3A+%22{showname}%22%2C+%22studio%22%3A+%22%22%2C+%22year%22%3A+{year}%2C+%22genre%22%3A+%22%22%2C+%22tracknumber%22%3A+-1%2C+%22album%22%3A+%22%22%2C+%22size%22%3A+0%2C+%22count%22%3A+25%2C+%22plot%22%3A+%22%22%2C+%22votes%22%3A+%22%22%2C+%22castandrole%22%3A+%5B%5D%2C+%22episode%22%3A+{episode}%2C+%22overlay%22%3A+0%2C+%22mpaa%22%3A+%22%22%2C+%22title%22%3A+%22{title}%22%2C+%22premiered%22%3A+%22%22%2C+%22code3%22%3A+%2216309%22%2C+%22originaltitle%22%3A+%22%22%2C+%22cast%22%3A+%5B%5D%2C+%22type%22%3A+%22TV+2%22%2C+%22write%22%3A+%22%22%2C+%22absolute_number%22%3A+11%2C+%22sorttitle%22%3A+%22%22%2C+%22playcount%22%3A+-1%2C+%22alternates%22%3A+%5B%5D%2C+%22top250%22%3A+-1%2C+%22trailer%22%3A+%22%22%2C+%22dateadded%22%3A+%22%22%7D&art=%7B%22thumb%22%3A+%22%22%2C+%22fanart%22%3A+%22%22%2C+%22poster%22%3A+%22%22%2C+%22clearlogo%22%3A+%22%22%2C+%22clearart%22%3A+%22%22%2C+%22banner%22%3A+%22%22%2C+%22landscape%22%3A+%22%22%7D&args=%7B%7D&module=ann&content_type=video&page=urlselect",
    "action": "ACTIVATE"
   }
  ]
 ]
}