{
 "name": "The Royal We Search Activate (Q)",
 "plugin": "plugin.video.theroyalwe",
 "id": "provider.openeleq.theroyalwe.search.activate",
 "movies": [
  [
   {
    "link": "plugin://plugin.video.theroyalwe/?mode=movie_search",
    "steps": ["keyboard: {title}",".*{title}.*"],
    "action": "ACTIVATE"
   }
  ]
 ],
 "tvshows": [
  [
   {
    "link": "plugin://plugin.video.theroyalwe/?mode=tv_search",
    "steps": ["keyboard: {clearname}",".*{clearname}.*"],
    "action": "ACTIVATE"
   }
  ]
 ]
}