{
    "name": "USTV VoD",
    "plugin": "plugin.video.ustvvod",
    "priority": 500,
    "tvshows": [
        [
            {
                "link": "plugin://plugin.video.ustvvod/",
                "steps": [
                    "{network_clean}",
                    "(?:{showname}|clearname)",
                    "(?:.*Season {season}|Full Episodes)",
                    "{season}x{episode}"
                ]
            },
            {
                "link": "plugin://plugin.video.ustvvod/",
                "steps": [
                    "{network_clean}",
                    "(?:{showname}|clearname)",
                    "(?:.*Season {season}|Full Episodes)",
                    "S{season:02d}E{episode:02d} .*"
                ]
            },
            {
                "link": "plugin://plugin.video.ustvvod/",
                "steps": [
                    "Favorite Shows",
                    "(?:{showname}|clearname)",
                    "(?:.*Season {season}|Full Episodes)",
                    "{season}x{episode}"
                ]
            },
            {
                "link": "plugin://plugin.video.ustvvod/",
                "steps": [
                    "Favorite Shows",
                    "(?:{showname}|clearname)",
                    "(?:.*Season {season}|Full Episodes)",
                    "S{season:02d}E{episode:02d} .*"
                ]
            }
        ]
    ]
}
