{
 "name": "Project Free TV Direct Play (Q)",
 "plugin": "plugin.video.projectfreetv",
 "id": "provider.openeleq.projectfreetv.direct.play",
 "movies": [
  [
   {
    "link": "plugin://plugin.video.projectfreetv/?imdb_id={imdb}&mode=tvseasons&name={title}&season=0&title={title}&url=http%3a%2f%2fwww.project-free-tv.sx%2finternet%2f{title|ws(_)}%2f&video_type=season",
    "action": "PLAY"
   }
  ]
 ],
 "tvshows": [
  [
   {
    "link": "plugin://plugin.video.projectfreetv/?play=True&name={episode}.+{title}&title={showname}&url=http%3A%2F%2Fwww.project-free-tv.sx%2Finternet%2F{showname|ws(_)}%2Fseason_{season}.html&section=episode",
    "action": "PLAY"
   }
  ]
 ]
}
