{
 "name": "[COLOR FFD15FEE]Pulsar[/COLOR] Search Play (Q)",
 "plugin": "plugin.video.pulsar",
 "id": "provider.openeleq.pulsar.search.play",
 "movies": [
  [
   {
    "link": "plugin://plugin.video.pulsar/movies/search",
    "steps": ["keyboard: {title}","{title}"],
    "action": "PLAY"
   }
  ]
 ],
 "tvshows": [
  [
   {
    "link": "plugin://plugin.video.pulsar/shows/search",
    "steps": ["keyboard: {clearname}",".*{clearname}.*",".*Season {season}",".*{season}x{episode:02d}.*{title}.*"],
    "action": "PLAY"
   }
  ]
 ]
}