{
 "name": "Salts RD Lite Direct Play (Q)",
 "plugin": "plugin.video.saltsrd.lite",
 "id": "provider.openeleq.saltsrdlite.direct.play",
 "movies": [
  [
   {
    "link": "plugin://plugin.video.saltsrd.lite/?title={title}&video_type=Movie&trakt_id={trakt}&mode=get_sources&dialog=True&year={year}",
    "action": "PLAY"
   }
  ]
 ],
 "tvshows": [
  [
   {
    "link": "plugin://plugin.video.saltsrd.lite/?ep_airdate={firstaired}&trakt_id={trakt}&episode={episode}&mode=get_sources&dialog=True&title={showname}&ep_title={title}&season={season}&year={year}&video_type=Episode",
    "action": "PLAY"
   }
  ]
 ]
}
