<?xml version="1.0" encoding="utf-8"?><shortcuts>
	<shortcut>
		<defaultID>360</defaultID>
		<label>360</label>
		<label2>פקודת Kodi</label2>
		<icon>special://skin/extras/icons/eye.png</icon>
		<thumb/>
		<action>ActivateScreensaver</action>
	</shortcut>
	<shortcut>
		<defaultID>13013</defaultID>
		<label>13013</label>
		<label2>פקודת Kodi</label2>
		<icon>special://skin/extras/icons/power.png</icon>
		<thumb/>
		<action>Reboot</action>
	</shortcut>
	<shortcut>
		<defaultID>13010</defaultID>
		<label>13010</label>
		<label2>פקודת Kodi</label2>
		<icon>special://skin/extras/icons/power.png</icon>
		<thumb/>
		<action>Hibernate</action>
	</shortcut>
	<shortcut>
		<defaultID>13016</defaultID>
		<label>13016</label>
		<label2>פקודת Kodi</label2>
		<icon>special://skin/extras/icons/power.png</icon>
		<thumb/>
		<action>PowerDown</action>
	</shortcut>
	<shortcut>
		<defaultID>13005</defaultID>
		<label>13005</label>
		<label2>פקודת Kodi</label2>
		<icon>special://skin/extras/icons/power.png</icon>
		<thumb/>
		<action>ShutDown</action>
	</shortcut>
	<shortcut>
		<defaultID>13009</defaultID>
		<label>13009</label>
		<label2>פקודת Kodi</label2>
		<icon>special://skin/extras/icons/power.png</icon>
		<thumb/>
		<action>Quit</action>
	</shortcut>
	<shortcut>
		<defaultID>13014</defaultID>
		<label>13014</label>
		<label2>פקודת Kodi</label2>
		<icon>special://skin/extras/icons/sort-up.png</icon>
		<thumb/>
		<action>Minimize</action>
	</shortcut>
	<shortcut>
		<defaultID>19026</defaultID>
		<label>19026</label>
		<label2>פקודת Kodi</label2>
		<icon>special://skin/extras/icons/addon.png</icon>
		<thumb/>
		<action>AlarmClock(shutdowntimer,XBMC.Shutdown())</action>
	</shortcut>
	<shortcut>
		<defaultID>20151</defaultID>
		<label>20151</label>
		<label2>פקודת Kodi</label2>
		<icon>special://skin/extras/icons/addon.png</icon>
		<thumb/>
		<action>CancelAlarm(shutdowntimer)</action>
	</shortcut>
</shortcuts>