<?xml version="1.0" encoding="utf-8"?><shortcuts>
	<shortcut>
		<defaultID>coloryellow-b-rvtshkhhgdvl-b-color</defaultID>
		<label>לינק2</label>
		<label2>מועדף</label2>
		<icon>DefaultFolder.png</icon>
		<thumb>special://profile/addon_data/script.skinshortcuts/skin.eminence.zeev-thumb-coloryellow-b-rvtshkhhgdvl-b-color.jpg</thumb>
		<action>PlayMedia(&quot;plugin://plugin.video.israelive/?url=BB&amp;mode=10&amp;name=%5BCOLOR+yellow%5D%5BB%5D%D7%A2%D7%A8%D7%95%D7%A5+%D7%94%D7%90%D7%97+%D7%94%D7%92%D7%93%D7%95%D7%9C%5B%2FB%5D%5B%2FCOLOR%5D&amp;iconimage=http%3A%2F%2Fupload.wikimedia.org%2Fwikipedia%2Fhe%2Fthumb%2F4%2F44%2FBigBrotherIsrael.jpg%2F250px-BigBrotherIsrael.jpg&amp;description=&amp;displayname=%D7%A2%D7%A8%D7%95%D7%A5+%D7%94%D7%90%D7%97+%D7%94%D7%92%D7%93%D7%95%D7%9C&amp;categoryid=10065&quot;,return)</action>
	</shortcut>
	<shortcut>
		<defaultID>bigbrother-hkhhgdvl</defaultID>
		<label>לינק3</label>
		<label2>מועדף</label2>
		<icon>DefaultFolder.png</icon>
		<thumb>special://profile/addon_data/script.skinshortcuts/skin.eminence.zeev-thumb-bigbrother-hkhhgdvl.png</thumb>
		<action>PlayMedia(&quot;plugin://plugin.video.youtube/?path=/root/video&amp;action=play_video&amp;videoid=Ep2PLUvy-xo&quot;,return)</action>
	</shortcut>
	<shortcut>
		<defaultID>bigbrother-hkhhgdvl</defaultID>
		<label>לינק4</label>
		<label2>מועדף</label2>
		<icon>DefaultFolder.png</icon>
		<thumb>special://profile/addon_data/script.skinshortcuts/skin.eminence.zeev-thumb-bigbrother-hkhhgdvl.png</thumb>
		<action>PlayMedia(&quot;http://streamup.global.ssl.fastly.net/app/bb2016s-stream/chunklist.m3u8&quot;,return)</action>
	</shortcut>
</shortcuts>