<?xml version="1.0" encoding="utf-8"?><shortcuts>
	<shortcut>
		<defaultID/>
		<label>990.RO</label>
		<label2>הרחבת וידאו</label2>
		<icon>DefaultShortcut.png</icon>
		<thumb>image://C%3a%5cUsers%5ceglobal%5cAppData%5cRoaming%5cKodi%5caddons%5cplugin.video.990%5cresources%5cmedia%5ctvshowsicon.png/</thumb>
		<action>ActivateWindow(10025,&quot;plugin://plugin.video.990/?episode=&amp;name=TV+Shows&amp;title=&amp;url=http%3A%2F%2Fwww.990.ro%2Fseriale-lista.html&amp;season=&amp;ep_name=&amp;mode=4&amp;thumbnail=C%3A%5CUsers%5Ceglobal%5CAppData%5CRoaming%5CKodi%5Caddons%5Cplugin.video.990%5Cresources%5Cmedia%5Ctvshowsicon.png&quot;,return)</action>
	</shortcut>
	<shortcut>
		<defaultID>plugin.video.sdarot.tv</defaultID>
		<label>Sdarot.tv</label>
		<label2>הרחבת וידאו</label2>
		<icon>DefaultShortcut.png</icon>
		<thumb>image://C%3a%5cUsers%5ceglobal%5cAppData%5cRoaming%5cKodi%5caddons%5cplugin.video.sdarot.tv%5cicon.png/</thumb>
		<action>ActivateWindow(10025,&quot;plugin://plugin.video.sdarot.tv&quot;,return)</action>
	</shortcut>
	<shortcut>
		<defaultID/>
		<label>SALTS</label>
		<label2>הרחבת וידאו</label2>
		<icon>DefaultShortcut.png</icon>
		<thumb>image://C%3a%5cUsers%5ceglobal%5cAppData%5cRoaming%5cKodi%5caddons%5cplugin.video.salts%5cart%5cthemes%5cShine%5ctelevision.png/</thumb>
		<action>ActivateWindow(10025,&quot;plugin://plugin.video.salts/?section=TV&amp;mode=browse&quot;,return)</action>
	</shortcut>
	<shortcut>
		<defaultID/>
		<label>TORRENTER סדרות</label>
		<label2>הרחבת וידאו</label2>
		<icon>DefaultShortcut.png</icon>
		<thumb>image://C%3a%5cUsers%5ceglobal%5cAppData%5cRoaming%5cKodi%5caddons%5cplugin.video.torrenter%5cicon.png/</thumb>
		<action>ActivateWindow(10025,&quot;plugin://plugin.video.torrenter/?action=openContent&amp;url=%7B%22category%22%3A+%22tvshows%22%2C+%22subcategory%22%3A+true%2C+%22provider%22%3A+%22IMDB%22%7D&quot;,return)</action>
	</shortcut>
	<shortcut>
		<defaultID/>
		<label>UMP סדרות</label>
		<label2>הרחבת וידאו</label2>
		<icon>DefaultShortcut.png</icon>
		<thumb>special://profile/addon_data/script.skinshortcuts/skin.eminence.zeev-thumb-UMP סדרות.png</thumb>
		<action>ActivateWindow(10025,&quot;plugin://plugin.program.ump/?info=%7B%7D&amp;art=%7B%7D&amp;args=%7B%7D&amp;module=tvdb&amp;content_type=video&amp;page=root&quot;,return)</action>
	</shortcut>
</shortcuts>