<?xml version="1.0" encoding="utf-8"?><shortcuts>
	<shortcut>
		<defaultID/>
		<label>הופעות חיות</label>
		<label2>הרחבת וידאו</label2>
		<icon>DefaultShortcut.png</icon>
		<thumb>image://C%3a%5cUsers%5ceglobal%5cAppData%5cRoaming%5cKodi%5caddons%5cplugin.video.kodisraelliveconcert%5cicon.png/</thumb>
		<action>ActivateWindow(10025,&quot;plugin://plugin.video.kodisraelliveconcert/?action=main_list&amp;title=%D7%94%D7%95%D7%A4%D7%A2%D7%95%D7%AA+%D7%97%D7%99%D7%95%D7%AA&amp;url=%3Fpid%3DPLFw7KwIWHNB0xJHalTpCNNzbKX_FzTdjR%26start-index%3D1%26max-results%3D30&amp;thumbnail=&amp;plot=&quot;,return)</action>
	</shortcut>
	<shortcut>
		<defaultID>plugin.audio.100fm</defaultID>
		<label>Radius 100FM</label>
		<label2>הרחבת מוזיקה</label2>
		<icon>DefaultShortcut.png</icon>
		<thumb>image://C%3a%5cUsers%5ceglobal%5cAppData%5cRoaming%5cKodi%5caddons%5cplugin.audio.100fm%5cicon.png/</thumb>
		<action>ActivateWindow(10502,&quot;plugin://plugin.audio.100fm&quot;,return)</action>
	</shortcut>
	<shortcut>
		<defaultID>plugin.video.spotitube</defaultID>
		<label>Youtube Music</label>
		<label2>הרחבת מוזיקה</label2>
		<icon>DefaultShortcut.png</icon>
		<thumb>image://C%3a%5cUsers%5ceglobal%5cAppData%5cRoaming%5cKodi%5caddons%5cplugin.video.spotitube%5cicon.png/</thumb>
		<action>ActivateWindow(10502,&quot;plugin://plugin.video.spotitube&quot;,return)</action>
	</shortcut>
	<shortcut>
		<defaultID>plugin.audio.99fm-playlists</defaultID>
		<label>99FM Playlists</label>
		<label2>הרחבת מוזיקה</label2>
		<icon>DefaultShortcut.png</icon>
		<thumb>image://C%3a%5cUsers%5ceglobal%5cAppData%5cRoaming%5cKodi%5caddons%5cplugin.audio.99fm-playlists%5cicon.png/</thumb>
		<action>ActivateWindow(10502,&quot;plugin://plugin.audio.99fm-playlists&quot;,return)</action>
	</shortcut>
	<shortcut>
		<defaultID>plugin.video.featherence.music</defaultID>
		<label>Featherence Music</label>
		<label2>הרחבת מוזיקה</label2>
		<icon>DefaultShortcut.png</icon>
		<thumb>image://C%3a%5cUsers%5ceglobal%5cAppData%5cRoaming%5cKodi%5caddons%5cplugin.video.featherence.music%5cicon.png/</thumb>
		<action>ActivateWindow(10502,&quot;plugin://plugin.video.featherence.music&quot;,return)</action>
	</shortcut>
	<shortcut>
		<defaultID/>
		<label>[COLOR blue]My Concerts[/COLOR]</label>
		<label2>הרחבת וידאו</label2>
		<icon>DefaultShortcut.png</icon>
		<thumb>special://profile/addon_data/script.skinshortcuts/skin.eminence.zeev-thumb-[COLOR blue]My Concerts[-COLOR].jpg</thumb>
		<action>ActivateWindow(10025,&quot;plugin://plugin.video.phstreams/?name=%5BCOLOR+blue%5DMy+Concerts%5B%2FCOLOR%5D&amp;url=http%3A%2F%2Fhonolulu.watchkodi.com%2FPlaylists%2FConcerts.xml&amp;audio=0&amp;image=http%3A%2F%2Fi67.tinypic.com%2Fdba6b.jpg&amp;fanart=http%3A%2F%2F7-themes.com%2Fdata_images%2Fout%2F59%2F6973439-beautiful-forest-photos.jpg&amp;playable=false&amp;tvshow=0&amp;content=0&amp;action=ndmode&quot;,return)</action>
	</shortcut>
</shortcuts>