<?xml version="1.0" encoding="utf-8"?><shortcuts>
	<shortcut>
		<defaultID/>
		<label>my channels</label>
		<label2>הרחבת וידאו</label2>
		<icon>DefaultShortcut.png</icon>
		<thumb>image://logo.logo.logo/</thumb>
		<action>ActivateWindow(VideoLibrary,&quot;plugin://plugin.program.super.favourites/?label=my+channels&amp;mode=400&amp;path=special%3A%2F%2Fprofile%2Faddon_data%2Fplugin.program.super.favourites%2FSuper+Favourites%2Fmy+channels&amp;image=logo.logo.logo&amp;fanart=%2Fstorage%2F.kodi%2Faddons%2Fplugin.program.super.favourites%2Ffanart.jpg&quot;,return)</action>
	</shortcut>
</shortcuts>