<?xml version="1.0" encoding="utf-8"?><shortcuts>
	<shortcut>
		<defaultID>20342</defaultID>
		<label>31343594</label>
		<label2>Movie Hub Shortcut</label2>
		<icon>special://skin/extras/icons/infinity.png</icon>
		<thumb/>
		<action>ActivateWindow(Videos,MovieTitles,return)</action>
	</shortcut>
	<shortcut>
		<defaultID>43791</defaultID>
		<label>43791</label>
		<label2>Movie Hub Shortcut</label2>
		<icon>special://skin/extras/icons/ICONS/METAs.png</icon>
		<thumb/>
		<action>RunPlugin(&quot;plugin://plugin.video.meta/movies/search&quot;)</action>
	</shortcut>
	<shortcut>
		<defaultID>31533</defaultID>
		<label>$SKIN[31533|skin.eminence.zeev|סרטי אקסודוס]</label>
		<label2>הרחבת וידאו</label2>
		<icon>special://skin/extras/icons/ICONS/exodus_icon.png</icon>
		<thumb/>
		<action>ActivateWindow(VideoLibrary,&quot;plugin://plugin.video.exodus/?action=movies&amp;url=popular&quot;,return)</action>
	</shortcut>
	<shortcut>
		<defaultID>31534</defaultID>
		<label>$SKIN[31534|skin.eminence.zeev|סרטי סולטס]</label>
		<label2>הרחבת וידאו</label2>
		<icon>special://skin/extras/icons/ICONS/SALTS3.png</icon>
		<thumb/>
		<action>ActivateWindow(10025,&quot;plugin://plugin.video.salts/?section=Movies&amp;mode=popular&quot;,return)</action>
	</shortcut>
	<shortcut>
		<defaultID/>
		<label>סרטי specto</label>
		<label2>הרחבת וידאו</label2>
		<icon>DefaultShortcut.png</icon>
		<thumb>special://profile/addon_data/script.skinshortcuts/skin.eminence.zeev-thumb-סרטי specto.jpg</thumb>
		<action>ActivateWindow(VideoLibrary,&quot;plugin://plugin.video.specto/?action=movies&amp;url=popular&quot;,return)</action>
	</shortcut>
	<shortcut>
		<defaultID>43790</defaultID>
		<label>43790</label>
		<label2>Movie Hub Shortcut</label2>
		<icon>special://skin/extras/icons/ICONS/META.png</icon>
		<thumb/>
		<action>ActivateWindow(VideoLibrary,&quot;plugin://plugin.video.meta/movies/most_popular/1&quot;,return)</action>
	</shortcut>
	<shortcut>
		<defaultID>31100</defaultID>
		<label>$SKIN[31100|skin.eminence.zeev|נוספו לאחרונה]</label>
		<label2>Movie Hub Shortcut</label2>
		<icon>special://skin/extras/icons/recentlyadded.png</icon>
		<thumb/>
		<action>ActivateWindow(Videos,RecentlyAddedMovies,return)</action>
	</shortcut>
	<shortcut>
		<defaultID>20342</defaultID>
		<label>31343600</label>
		<label2>Movie Hub Shortcut</label2>
		<icon>special://skin/extras/icons/search.png</icon>
		<thumb/>
		<action>RunScript(script.globalsearch,tvshows=true&amp;episodes=true&amp;movies=true)</action>
	</shortcut>
	<shortcut>
		<defaultID>135</defaultID>
		<label>135</label>
		<label2>Movie Hub Shortcut</label2>
		<icon>special://skin/extras/icons/genre.png</icon>
		<thumb/>
		<action>ActivateWindow(Videos,MovieGenres,return)</action>
	</shortcut>
	<shortcut>
		<defaultID>20434</defaultID>
		<label>20434</label>
		<label2>Movie Hub Shortcut</label2>
		<icon>special://skin/extras/icons/year.png</icon>
		<thumb/>
		<action>ActivateWindow(Videos,MovieSets,return)</action>
	</shortcut>
	<shortcut>
		<defaultID>1214</defaultID>
		<label>1214</label>
		<label2>Movie Hub Shortcut</label2>
		<icon>special://skin/extras/icons/files.png</icon>
		<thumb/>
		<action>ActivateWindow(Videos,Files,return)</action>
	</shortcut>
	<shortcut>
		<defaultID>653</defaultID>
		<label>653</label>
		<label2>Movie Hub Shortcut</label2>
		<icon>special://skin/extras/icons/update.png</icon>
		<thumb/>
		<action>UpdateLibrary(video)</action>
	</shortcut>
</shortcuts>