<?xml version="1.0" encoding="utf-8"?><shortcuts>
	<shortcut>
		<defaultID>plugin.video.meta</defaultID>
		<label>Meta</label>
		<label2>הרחבת וידאו</label2>
		<icon>DefaultShortcut.png</icon>
		<thumb>special://profile/addon_data/script.skinshortcuts/skin.eminence.zeev-thumb-plugin.video.meta.png</thumb>
		<action>ActivateWindow(VideoLibrary,&quot;plugin://plugin.video.meta&quot;,return)</action>
	</shortcut>
	<shortcut>
		<defaultID/>
		<label>אקסודוס</label>
		<label2>הרחבת וידאו</label2>
		<icon>DefaultShortcut.png</icon>
		<thumb>special://profile/addon_data/script.skinshortcuts/skin.eminence.zeev-thumb-אקסודוס.png</thumb>
		<action>ActivateWindow(VideoLibrary,&quot;plugin://plugin.video.exodus/?action=movieSearch&quot;,return)</action>
	</shortcut>
	<shortcut>
		<defaultID>plugin.video.salts</defaultID>
		<label>Stream All The Sources</label>
		<label2>הרחבת וידאו</label2>
		<icon>DefaultShortcut.png</icon>
		<thumb>special://profile/addon_data/script.skinshortcuts/skin.eminence.zeev-thumb-plugin.video.salts.png</thumb>
		<action>ActivateWindow(VideoLibrary,&quot;plugin://plugin.video.salts&quot;,return)</action>
	</shortcut>
	<shortcut>
		<defaultID/>
		<label>Specto</label>
		<label2>הרחבת וידאו</label2>
		<icon>DefaultShortcut.png</icon>
		<thumb>special://profile/addon_data/script.skinshortcuts/skin.eminence.zeev-thumb-Specto.jpg</thumb>
		<action>ActivateWindow(VideoLibrary,&quot;plugin://plugin.video.specto/?action=searchNavigator&quot;,return)</action>
	</shortcut>
	<shortcut>
		<defaultID/>
		<label>גוזלן</label>
		<label2>הרחבת וידאו</label2>
		<icon>DefaultShortcut.png</icon>
		<thumb>special://profile/addon_data/script.skinshortcuts/skin.eminence.zeev-thumb-גוזלן.png</thumb>
		<action>ActivateWindow(VideoLibrary,&quot;plugin://plugin.video.gozlan.me/?url=http%3A%2F%2Fanonymouse.org%2Fcgi-bin%2Fanon-www.cgi%2Fhttp%3A%2F%2Fgozlan.eu&amp;mode=9&amp;name=חיפוש סרטים&quot;,return)</action>
	</shortcut>
	<shortcut>
		<defaultID/>
		<label>Sdarot</label>
		<label2>הרחבת וידאו</label2>
		<icon>DefaultShortcut.png</icon>
		<thumb>special://profile/addon_data/script.skinshortcuts/skin.eminence.zeev-thumb-Sdarot.png</thumb>
		<action>ActivateWindow(VideoLibrary,&quot;plugin://plugin.video.sdarot.tv/?url=http%3A%2F%2Fwww.sdarot.wf%2Fsearch&amp;mode=6&amp;name=[COLOR red] חפש  [/COLOR]&amp;summary=&quot;,return)</action>
	</shortcut>
	<shortcut>
		<defaultID/>
		<label>רשת</label>
		<label2>הרחבת וידאו</label2>
		<icon>DefaultShortcut.png</icon>
		<thumb>special://profile/addon_data/script.skinshortcuts/skin.eminence.zeev-thumb-רשת.png</thumb>
		<action>ActivateWindow(VideoLibrary,&quot;plugin://plugin.video.reshet.video/?category=14830&quot;,return)</action>
	</shortcut>
	<shortcut>
		<defaultID/>
		<label>קשת</label>
		<label2>הרחבת וידאו</label2>
		<icon>DefaultShortcut.png</icon>
		<thumb>image://https%3a%2f%2fencrypted-tbn1.gstatic.com%2fimages%3fq%3dtbn%3aANd9GcQlAUVuxDFwhHYzmwfhcUEBgQXkkWi5XnM4ZyKxGecol952w-Rp/</thumb>
		<action>ActivateWindow(VideoLibrary,&quot;plugin://plugin.video.MakoTV/?url=http%3A%2F%2Fwww.mako.co.il%2Fautocomplete%2FvodAutocompletion.ashx%3Fquery%3D%7B0%7D%26max%3D60%26id%3Dquery&amp;mode=5&amp;name=%D7%97%D7%99%D7%A4%D7%95%D7%A9&amp;iconimage=https://encrypted-tbn1.gstatic.com/images?q=tbn:ANd9GcQlAUVuxDFwhHYzmwfhcUEBgQXkkWi5XnM4ZyKxGecol952w-Rp&quot;,return)</action>
	</shortcut>
	<shortcut>
		<defaultID>plugin.video.ilten</defaultID>
		<label>ערוץ 10</label>
		<label2>הרחבת וידאו</label2>
		<icon>DefaultShortcut.png</icon>
		<thumb>special://profile/addon_data/script.skinshortcuts/skin.eminence.zeev-thumb-plugin.video.ilten.png</thumb>
		<action>ActivateWindow(VideoLibrary,&quot;plugin://plugin.video.ilten&quot;,return)</action>
	</shortcut>
</shortcuts>