<?xml version="1.0" encoding="utf-8"?><shortcuts>
	<shortcut>
		<defaultID>31533</defaultID>
		<label>$SKIN[31533|skin.eminence.zeev|סרטי אקסודוס]</label>
		<label2>הרחבת וידאו</label2>
		<icon>special://skin/extras/icons/ICONS/exodus_icon.png</icon>
		<thumb/>
		<action>ActivateWindow(VideoLibrary,&quot;plugin://plugin.video.exodus/?action=movies&amp;url=popular&quot;,return)</action>
	</shortcut>
	<shortcut>
		<defaultID>31534</defaultID>
		<label>$SKIN[31534|skin.eminence.zeev|סרטי סולטס]</label>
		<label2>הרחבת וידאו</label2>
		<icon>special://skin/extras/icons/ICONS/SALTS3.png</icon>
		<thumb/>
		<action>ActivateWindow(10025,&quot;plugin://plugin.video.salts/?section=Movies&amp;mode=popular&quot;,return)</action>
	</shortcut>
	<shortcut>
		<defaultID>43790</defaultID>
		<label>43790</label>
		<label2>Movie Hub Shortcut</label2>
		<icon>special://skin/extras/icons/ICONS/META.png</icon>
		<thumb/>
		<action>ActivateWindow(VideoLibrary,&quot;plugin://plugin.video.meta/movies/most_popular/1&quot;,return)</action>
	</shortcut>
	<shortcut>
		<defaultID>43791</defaultID>
		<label>43791</label>
		<label2>Movie Hub Shortcut</label2>
		<icon>special://skin/extras/icons/ICONS/METAs.png</icon>
		<thumb/>
		<action>RunPlugin(&quot;plugin://plugin.video.meta/movies/search&quot;)</action>
	</shortcut>
	<shortcut>
		<defaultID>136</defaultID>
		<label>136</label>
		<label2>Movie Hub Shortcut</label2>
		<icon>special://skin/extras/icons/playlist.png</icon>
		<thumb/>
		<action>ActivateWindow(videos,special://videoplaylists/,return)</action>
	</shortcut>
	<shortcut>
		<defaultID>1214</defaultID>
		<label>1214</label>
		<label2>Movie Hub Shortcut</label2>
		<icon>special://skin/extras/icons/files.png</icon>
		<thumb/>
		<action>ActivateWindow(Videos,Files,return)</action>
	</shortcut>
</shortcuts>