﻿<?xml version="1.0" encoding="utf-8" ?>

<Screens>

  <Screen subject="תפריט ראשי" key ="frmMenu.aspx" URL="frmStart.aspx" />

  <Screen subject="דיווח התייעצויות" key ="frmTRequestt.aspx" URL="frmHDTRequestt.aspx" />
  <Screen subject="דיווח מצב פה" key ="frmMRequestt.aspx" URL="frmHDMRequestt.aspx" />
  <Screen subject="דיווח מצב פה פריודונטליי" key ="frmPRequestt.aspx" URL="frmHDPRequestt.aspx" />

  <Screen subject="פרטי משתמש" key ="frmUserProp.aspx" URL="frmHDUserProp.aspx" /> 


  <Screen subject="טיפול בפניות" key="frmRequestt.aspx" URL="frmHDNRequestt.aspx"  />

	<!-- 
  
  <Screen subject="תפריט ראשי" key ="frmMenu.aspx" URL="frmHDStart.aspx" />
  <Screen subject="תפריט ראשי" key ="frmRepStat.aspx" URL="frmHDMenu.aspx" />

  <Screen subject="טיפול בפניות" key ="frmRequestt.aspx" URL="frmRequestt.aspx" />
  <Screen subject="בדיקת זכאות" key ="frmZakautExt.aspx" URL="frmZakautExt.aspx" />
  <Screen subject="דיווח מצב פה פריודונטלי" key ="frmPRequestt.aspx" URL="frmPRequestt.aspx" />
  <Screen subject="בדיקת זכאות מרוכזת במסלול מהיר" key ="frmHDMultiCheck.aspx" URL="frmMultiCheck.aspx" />
  <Screen subject="פרטי משתמש" key ="frmUserProp.aspx" URL="frmUserProp.aspx" />

  <Screen subject="צפיה במידע" key ="frmRepList.aspx" ReportType="10" URL="frmHDRepList.aspx" />
  <Screen subject="צפיה במידע" key ="frmRepList.aspx" ReportType="11" URL="frmHDRepList.aspx" />
  <Screen subject="צפיה במידע" key ="frmRepList.aspx" ReportType="41" URL="frmHDRepList.aspx" />
  <Screen subject="צפיה במידע" key ="frmRepList.aspx" ReportType="500" URL="frmRepList.aspx" />
  <Screen subject="צפיה במידע" key ="frmRepList.aspx" ReportType="510" URL="frmRepList.aspx" />
  <Screen subject="צפיה במידע" key ="frmRepList.aspx" ReportType="556" URL="frmRepList.aspx" />

  -->

 
</Screens> 