<?xml version="1.0" encoding="utf-8"?><shortcuts>
	<shortcut>
		<defaultID>x1101</defaultID>
		<label>20342</label>
		<label2>Hub 1101</label2>
		<icon>DefaultShortcut.png</icon>
		<thumb>special://profile/addon_data/script.skinshortcuts/skin.eminence.zeev-thumb-x1101.png</thumb>
		<action>ActivateWindow(1101)</action>
	</shortcut>
	<shortcut>
		<defaultID>x1102</defaultID>
		<label>20343</label>
		<label2>Hub 1102</label2>
		<icon>DefaultShortcut.png</icon>
		<thumb>special://profile/addon_data/script.skinshortcuts/skin.eminence.zeev-thumb-x1102.png</thumb>
		<action>ActivateWindow(1102)</action>
	</shortcut>
	<shortcut>
		<defaultID>x1114</defaultID>
		<label>2</label>
		<label2>Hub 1114</label2>
		<icon>special://skin/extras/icons/songs.png</icon>
		<thumb>special://profile/addon_data/script.skinshortcuts/skin.eminence.zeev-thumb-x1114.png</thumb>
		<action>ActivateWindow(1114)</action>
	</shortcut>
	<shortcut>
		<defaultID/>
		<label>טלוויזיה ישראלית</label>
		<label2>הרחבת וידאו</label2>
		<icon>DefaultShortcut.png</icon>
		<thumb>special://profile/addon_data/script.skinshortcuts/skin.eminence.zeev-thumb-טלוויזיה ישראלית.png</thumb>
		<action>ActivateWindow(VideoLibrary,&quot;plugin://plugin.video.anarchitv/?url=%D7%99%D7%A9%D7%A8%D7%90%D7%9C&amp;mode=62&amp;name=%5BCOLOR+royalblue%5D%5BB%5D%D7%A2%D7%91%D7%A8%D7%99%D7%AA+%7C+Hebrew%5B%2FB%5D%5B%2FCOLOR%5D&amp;iconimage=C%3A%5CUsers%5CSamsung%5CAppData%5CRoaming%5CKodi%5Caddons%5Cplugin.video.anarchitv%5Cresources%2Ficons%2F%2Fisrael.png&quot;,return)</action>
	</shortcut>
	<shortcut>
		<defaultID/>
		<label>טלוויזיה רוסיה</label>
		<label2>הרחבת וידאו</label2>
		<icon>DefaultShortcut.png</icon>
		<thumb>special://profile/addon_data/script.skinshortcuts/skin.eminence.zeev-thumb-טלוויזיה רוסיה.png</thumb>
		<action>ActivateWindow(VideoLibrary,&quot;plugin://plugin.video.israelive/?url=&amp;mode=2&amp;name=%5BCOLOR+blue%5D%5BB%5D%5BRussia+-+%D7%A8%D7%95%D7%A1%D7%99%D7%94%5D%5B%2FB%5D%5B%2FCOLOR%5D&amp;iconimage=&amp;description=&amp;displayname=10763&amp;categoryid=10556&quot;,return)</action>
	</shortcut>
	<shortcut>
		<defaultID/>
		<label>טלוויזיה גרוזינית</label>
		<label2>הרחבת וידאו</label2>
		<icon>DefaultShortcut.png</icon>
		<thumb>special://profile/addon_data/script.skinshortcuts/skin.eminence.zeev-thumb-טלוויזיה גרוזינית.png</thumb>
		<action>ActivateWindow(VideoLibrary,&quot;plugin://plugin.video.anarchitv/?url=%D7%92%D7%A8%D7%95%D7%96%D7%99%D7%A0%D7%99%D7%AA&amp;mode=74&amp;name=%5BCOLOR+royalblue%5D%5BB%5DGeorgian+%7C+%D7%92%D7%A8%D7%95%D7%96%D7%99%D7%A0%D7%99%D7%AA%5B%2FB%5D%5B%2FCOLOR%5D&amp;iconimage=C%3A%5CUsers%5CSamsung%5CAppData%5CRoaming%5CKodi%5Caddons%5Cplugin.video.anarchitv%5Cresources%2Ficons%2F%2Fgeorgia.png&quot;,return)</action>
	</shortcut>
	<shortcut>
		<defaultID/>
		<label>ספורט</label>
		<label2>הרחבת וידאו</label2>
		<icon>DefaultShortcut.png</icon>
		<thumb>special://profile/addon_data/script.skinshortcuts/skin.eminence.zeev-thumb-ספורט.png</thumb>
		<action>ActivateWindow(VideoLibrary,&quot;plugin://plugin.video.anarchitv/?url=sport&amp;mode=52&amp;name=%5BCOLOR+royalblue%5D%5BB%5D%D7%A1%D7%A4%D7%95%D7%A8%D7%98+%7C+Sport%5B%2FB%5D%5B%2FCOLOR%5D&amp;iconimage=C%3A%5CUsers%5CSamsung%5CAppData%5CRoaming%5CKodi%5Caddons%5Cplugin.video.anarchitv%5Cresources%2Ficons%2F%2Fsports.png&quot;,return)</action>
	</shortcut>
	<shortcut>
		<defaultID>plugin.video.youtube</defaultID>
		<label>YouTube</label>
		<label2>הרחבת וידאו</label2>
		<icon>DefaultShortcut.png</icon>
		<thumb>special://profile/addon_data/script.skinshortcuts/skin.eminence.zeev-thumb-plugin.video.youtube.png</thumb>
		<action>ActivateWindow(VideoLibrary,&quot;plugin://plugin.video.youtube&quot;,return)</action>
	</shortcut>
	<shortcut>
		<defaultID>x1112</defaultID>
		<label>$SKIN[31314|skin.eminence.zeev|VOD]</label>
		<label2>Hub 1112</label2>
		<icon>DefaultShortcut.png</icon>
		<thumb>special://profile/addon_data/script.skinshortcuts/skin.eminence.zeev-thumb-x1112.png</thumb>
		<action>ActivateWindow(1112)</action>
	</shortcut>
	<shortcut>
		<defaultID>x1113</defaultID>
		<label>$SKIN[31313|skin.eminence.zeev|ילדים]</label>
		<label2>Hub 1113</label2>
		<icon>DefaultShortcut.png</icon>
		<thumb>special://profile/addon_data/script.skinshortcuts/skin.eminence.zeev-thumb-x1113.png</thumb>
		<action>ActivateWindow(1113)</action>
	</shortcut>
	<shortcut>
		<defaultID/>
		<label>טבע</label>
		<label2>הרחבת וידאו</label2>
		<icon>DefaultShortcut.png</icon>
		<thumb>special://profile/addon_data/script.skinshortcuts/skin.eminence.zeev-thumb-טבע.png</thumb>
		<action>ActivateWindow(VideoLibrary,&quot;plugin://plugin.video.kodisraelnature/?action=main_list&amp;title=%D7%AA%D7%95%D7%9B%D7%A0%D7%99%D7%95%D7%AA+%D7%98%D7%91%D7%A2&amp;url=%3Fpid%3DPLFw7KwIWHNB3pZp-qwM9jHP1GwGI4keWC%26start-index%3D1%26max-results%3D30&amp;thumbnail=&amp;plot=&quot;,return)</action>
	</shortcut>
	<shortcut>
		<defaultID>1037</defaultID>
		<label>1037</label>
		<label2>Common Shortcut</label2>
		<icon>DefaultShortcut.png</icon>
		<thumb>special://profile/addon_data/script.skinshortcuts/skin.eminence.zeev-thumb-1037.png</thumb>
		<action>ActivateWindow(Videos,Addons,return)</action>
	</shortcut>
	<shortcut>
		<defaultID>programs</defaultID>
		<label>1036</label>
		<label2>Common Shortcut</label2>
		<icon>special://skin/extras/icons/favourites.png</icon>
		<thumb>special://profile/addon_data/script.skinshortcuts/skin.eminence.zeev-thumb-programs.png</thumb>
		<action>ActivateWindow(Favourites)</action>
	</shortcut>
	<shortcut>
		<defaultID>10001</defaultID>
		<label>10001</label>
		<label2>Common Shortcut</label2>
		<icon>DefaultShortcut.png</icon>
		<thumb>special://profile/addon_data/script.skinshortcuts/skin.eminence.zeev-thumb-10001.png</thumb>
		<action>ActivateWindow(Programs,Addons,return)</action>
	</shortcut>
	<shortcut>
		<defaultID>43787</defaultID>
		<label>43787</label>
		<label2>Common Shortcut</label2>
		<icon>DefaultShortcut.png</icon>
		<thumb>special://profile/addon_data/script.skinshortcuts/skin.eminence.zeev-thumb-43787.png</thumb>
		<action>RunScript(script.globalsearch)</action>
	</shortcut>
	<shortcut>
		<defaultID>settings</defaultID>
		<label>10004</label>
		<label2>Common Shortcut</label2>
		<icon>special://skin/extras/icons/settings.png</icon>
		<thumb>special://profile/addon_data/script.skinshortcuts/skin.eminence.zeev-thumb-settings.png</thumb>
		<action>ActivateWindow(Settings)</action>
	</shortcut>
	<shortcut>
		<defaultID>power</defaultID>
		<label>33060</label>
		<label2>Common Shortcut</label2>
		<icon>DefaultShortcut.png</icon>
		<thumb>special://profile/addon_data/script.skinshortcuts/skin.eminence.zeev-thumb-power.png</thumb>
		<action>ActivateWindow(shutdownmenu)</action>
	</shortcut>
</shortcuts>