<?xml version="1.0" encoding="utf-8"?><shortcuts>
	<shortcut>
		<defaultID/>
		<label>Clear Cache - ניקוי קאש</label>
		<label2>Custom item</label2>
		<icon>DefaultShortcut.png</icon>
		<thumb>special://skin/extras/icons/Clear.png</thumb>
		<action>PlayMedia(&quot;plugin://script.rawmaintenance/?url=url&amp;mode=1&amp;name=Clear+Cache&quot;,return)</action>
	</shortcut>
	<shortcut>
		<defaultID>deletethumbnails</defaultID>
		<label>להסיר תמונות ממוזערות</label>
		<label2>מועדף</label2>
		<icon>special://skin/extras/icons/files.png</icon>
		<thumb>special://profile/addon_data/script.skinshortcuts/skin.eminence.zeev-thumb-deletethumbnails.png</thumb>
		<action>PlayMedia(&quot;plugin://script.rawmaintenance/?url=url&amp;mode=2&amp;name=Delete+Thumbnails&quot;,return)</action>
	</shortcut>
	<shortcut>
		<defaultID>purgepackages</defaultID>
		<label>להסיר חבילות התקנת זיפ</label>
		<label2>מועדף</label2>
		<icon>special://skin/extras/icons/files.png</icon>
		<thumb>special://skin/extras/icons/zip.png</thumb>
		<action>PlayMedia(&quot;plugin://script.rawmaintenance/?url=url&amp;mode=3&amp;name=Purge+Packages&quot;,return)</action>
	</shortcut>
</shortcuts>