<?xml version="1.0" encoding="utf-8"?><shortcuts>
	<shortcut>
		<defaultID/>
		<label>LIVE GAMES</label>
		<label2>הרחבת וידאו</label2>
		<icon>DefaultShortcut.png</icon>
		<thumb>special://profile/addon_data/script.skinshortcuts/skin.eminence.zeev-thumb-LIVE GAMES.jpg</thumb>
		<action>ActivateWindow(10025,&quot;plugin://plugin.video.phstreams/?name=LIVE+GAMES&amp;url=http%3A%2F%2Ftuzla.watchkodi.com%2FLIVE%2520TV%2Fnewsport.xml&amp;audio=0&amp;image=http%3A%2F%2Fbuskerbrownes.com%2Fwp-content%2Fuploads%2F2013%2F06%2Fimg1.jpg&amp;fanart=https%3A%2F%2Flh4.googleusercontent.com%2F-WwZHUFLPK2E%2FU3Kd4itvhPI%2FAAAAAAAAAKM%2FsaEb-0QngnM%2Fs0-d%2FBurning-Soccer-Ball-1600x1200.jpg&amp;playable=false&amp;tvshow=0&amp;content=0&amp;action=ndmode&quot;,return)</action>
	</shortcut>
	<shortcut>
		<defaultID>plugin.video.adryanlist</defaultID>
		<label>AdryanList</label>
		<label2>הרחבת וידאו</label2>
		<icon>DefaultShortcut.png</icon>
		<thumb>image://C%3a%5cUsers%5ceglobal%5cAppData%5cRoaming%5cKodi%5caddons%5cplugin.video.adryanlist%5cicon.png/</thumb>
		<action>ActivateWindow(10025,&quot;plugin://plugin.video.adryanlist&quot;,return)</action>
	</shortcut>
	<shortcut>
		<defaultID>plugin.video.SportsDevil</defaultID>
		<label>SportsDevil</label>
		<label2>הרחבת וידאו</label2>
		<icon>DefaultShortcut.png</icon>
		<thumb>image://C%3a%5cUsers%5ceglobal%5cAppData%5cRoaming%5cKodi%5caddons%5cplugin.video.SportsDevil%5cicon.png/</thumb>
		<action>ActivateWindow(10025,&quot;plugin://plugin.video.SportsDevil&quot;,return)</action>
	</shortcut>
	<shortcut>
		<defaultID>plugin.video.ukturk</defaultID>
		<label>UK Turk Playlists</label>
		<label2>הרחבת וידאו</label2>
		<icon>DefaultShortcut.png</icon>
		<thumb>image://C%3a%5cUsers%5ceglobal%5cAppData%5cRoaming%5cKodi%5caddons%5cplugin.video.ukturk%5cicon.png/</thumb>
		<action>ActivateWindow(10025,&quot;plugin://plugin.video.ukturk&quot;,return)</action>
	</shortcut>
	<shortcut>
		<defaultID>plugin.video.HushamLists</defaultID>
		<label>hushamlists</label>
		<label2>הרחבת וידאו</label2>
		<icon>DefaultShortcut.png</icon>
		<thumb>image://C%3a%5cUsers%5ceglobal%5cAppData%5cRoaming%5cKodi%5caddons%5cplugin.video.HushamLists%5cicon.png/</thumb>
		<action>ActivateWindow(10025,&quot;plugin://plugin.video.HushamLists&quot;,return)</action>
	</shortcut>
	<shortcut>
		<defaultID>plugin.video.dextertv</defaultID>
		<label>dexterTV</label>
		<label2>הרחבת וידאו</label2>
		<icon>DefaultShortcut.png</icon>
		<thumb>image://C%3a%5cUsers%5ceglobal%5cAppData%5cRoaming%5cKodi%5caddons%5cplugin.video.dextertv%5cicon.png/</thumb>
		<action>ActivateWindow(10025,&quot;plugin://plugin.video.dextertv&quot;,return)</action>
	</shortcut>
</shortcuts>