<?xml version="1.0" encoding="utf-8"?><shortcuts>
	<shortcut>
		<defaultID/>
		<label>EXIT WINDOWS</label>
		<label2>Custom shortcut</label2>
		<icon>DefaultShortcut.png</icon>
		<thumb/>
		<action>System.Exec (&quot;taskkill.exe /im Kodi.exe /f&quot;)</action>
	</shortcut>
	<shortcut>
		<defaultID/>
		<label>Exit Android</label>
		<label2>Custom shortcut</label2>
		<icon>DefaultShortcut.png</icon>
		<thumb/>
		<action>Quit</action>
	</shortcut>
	<shortcut>
		<defaultID/>
		<label>Turn Off Raspberry Pi</label>
		<label2>Custom shortcut</label2>
		<icon>DefaultShortcut.png</icon>
		<thumb/>
		<action>PowerDown</action>
	</shortcut>
</shortcuts>