<?xml version="1.0" encoding="utf-8"?><shortcuts>
	<shortcut>
		<defaultID>plugin.video.makoTV.video</defaultID>
		<label>Mako TV</label>
		<label2>הרחבת וידאו</label2>
		<icon>DefaultShortcut.png</icon>
		<thumb>image://C%3a%5cUsers%5ceglobal%5cAppData%5cRoaming%5cKodi%5caddons%5cplugin.video.makoTV.video%5cicon.png/</thumb>
		<action>ActivateWindow(10025,&quot;plugin://plugin.video.makoTV.video&quot;,return)</action>
	</shortcut>
	<shortcut>
		<defaultID>plugin.video.ilten</defaultID>
		<label>ערוץ 10</label>
		<label2>הרחבת וידאו</label2>
		<icon>DefaultShortcut.png</icon>
		<thumb>image://C%3a%5cUsers%5ceglobal%5cAppData%5cRoaming%5cKodi%5caddons%5cplugin.video.ilten%5cicon.png/</thumb>
		<action>ActivateWindow(10025,&quot;plugin://plugin.video.ilten&quot;,return)</action>
	</shortcut>
	<shortcut>
		<defaultID>plugin.video.reshet.video</defaultID>
		<label>רשת</label>
		<label2>הרחבת וידאו</label2>
		<icon>DefaultShortcut.png</icon>
		<thumb>image://C%3a%5cUsers%5ceglobal%5cAppData%5cRoaming%5cKodi%5caddons%5cplugin.video.reshet.video%5cicon.png/</thumb>
		<action>ActivateWindow(10025,&quot;plugin://plugin.video.reshet.video&quot;,return)</action>
	</shortcut>
	<shortcut>
		<defaultID>plugin.video.wallaNew.video</defaultID>
		<label>וואלה</label>
		<label2>הרחבת וידאו</label2>
		<icon>DefaultShortcut.png</icon>
		<thumb>image://C%3a%5cUsers%5ceglobal%5cAppData%5cRoaming%5cKodi%5caddons%5cplugin.video.wallaNew.video%5cicon.png/</thumb>
		<action>ActivateWindow(10025,&quot;plugin://plugin.video.wallaNew.video&quot;,return)</action>
	</shortcut>
	<shortcut>
		<defaultID>plugin.video.IBA</defaultID>
		<label>ערוץ 1</label>
		<label2>הרחבת וידאו</label2>
		<icon>DefaultShortcut.png</icon>
		<thumb>image://C%3a%5cUsers%5ceglobal%5cAppData%5cRoaming%5cKodi%5caddons%5cplugin.video.IBA%5cicon.png/</thumb>
		<action>ActivateWindow(10025,&quot;plugin://plugin.video.IBA&quot;,return)</action>
	</shortcut>
	<shortcut>
		<defaultID>plugin.video.MakoTV</defaultID>
		<label>MakoTV (web)</label>
		<label2>הרחבת וידאו</label2>
		<icon>DefaultShortcut.png</icon>
		<thumb>image://C%3a%5cUsers%5ceglobal%5cAppData%5cRoaming%5cKodi%5caddons%5cplugin.video.MakoTV%5cicon.png/</thumb>
		<action>ActivateWindow(10025,&quot;plugin://plugin.video.MakoTV&quot;,return)</action>
	</shortcut>
	<shortcut>
		<defaultID>plugin.video.gozlan.me</defaultID>
		<label>Gozlan</label>
		<label2>הרחבת וידאו</label2>
		<icon>DefaultShortcut.png</icon>
		<thumb>image://C%3a%5cUsers%5ceglobal%5cAppData%5cRoaming%5cKodi%5caddons%5cplugin.video.gozlan.me%5cicon.png/</thumb>
		<action>ActivateWindow(10025,&quot;plugin://plugin.video.gozlan.me&quot;,return)</action>
	</shortcut>
</shortcuts>