<?xml version="1.0" encoding="utf-8"?><shortcuts>
	<shortcut>
		<defaultID>plugin.video.anarchitv</defaultID>
		<label>[COLOR yellow]AnarchiTV[/COLOR]</label>
		<label2>הרחבת וידאו</label2>
		<icon>DefaultShortcut.png</icon>
		<thumb>image://C%3a%5cUsers%5ceglobal%5cAppData%5cRoaming%5cKodi%5caddons%5cplugin.video.anarchitv%5cicon.png/</thumb>
		<action>ActivateWindow(10025,&quot;plugin://plugin.video.anarchitv&quot;,return)</action>
	</shortcut>
	<shortcut>
		<defaultID>plugin.video.israelive</defaultID>
		<label>[COLOR white]Israe[/COLOR][COLOR blue]L[/COLOR][COLOR white]IVE[/COLOR]</label>
		<label2>הרחבת וידאו</label2>
		<icon>DefaultShortcut.png</icon>
		<thumb>image://C%3a%5cUsers%5ceglobal%5cAppData%5cRoaming%5cKodi%5caddons%5cplugin.video.israelive%5cicon.png/</thumb>
		<action>ActivateWindow(10025,&quot;plugin://plugin.video.israelive&quot;,return)</action>
	</shortcut>
	<shortcut>
		<defaultID>plugin.video.bbts</defaultID>
		<label>BBTS</label>
		<label2>הרחבת וידאו</label2>
		<icon>DefaultShortcut.png</icon>
		<thumb>image://C%3a%5cUsers%5ceglobal%5cAppData%5cRoaming%5cKodi%5caddons%5cplugin.video.bbts%5cicon.png/</thumb>
		<action>ActivateWindow(10025,&quot;plugin://plugin.video.bbts&quot;,return)</action>
	</shortcut>
	<shortcut>
		<defaultID/>
		<label>International Channels</label>
		<label2>הרחבת וידאו</label2>
		<icon>DefaultShortcut.png</icon>
		<thumb>special://profile/addon_data/script.skinshortcuts/skin.eminence.zeev-thumb-International Channels.png</thumb>
		<action>ActivateWindow(10025,&quot;plugin://plugin.video.phstreams/?name=International+Channels&amp;url=http%3A%2F%2Falaska.watchkodi.com%2Fmaindir%2Fmain2.xml&amp;audio=0&amp;image=http%3A%2F%2Falaska.watchkodi.com%2Fcrusader88A.png&amp;fanart=C%3A%5CUsers%5Ceglobal%5CAppData%5CRoaming%5CKodi%5Caddons%5Cplugin.video.phstreams%5Cfanart.jpg&amp;playable=false&amp;tvshow=0&amp;content=0&amp;action=dmode&quot;,return)</action>
	</shortcut>
	<shortcut>
		<defaultID>colororange-hdhkhhgdvl-color-colorblue-color-colorred-yshrly-color-colorblue-color</defaultID>
		<label>[COLOR orange]HD האח הגדול[/COLOR] [COLOR blue] [[/COLOR][COLOR red]ישראלי[/COLOR][COLOR blue]][/COLOR]</label>
		<label2>מועדף</label2>
		<icon>special://skin/extras/icons/files.png</icon>
		<thumb>special://profile/addon_data/script.skinshortcuts/skin.eminence.zeev-thumb-colororange-hdhkhhgdvl-color-colorblue-color-colorred-yshrly-color-colorblue-color.png</thumb>
		<action>PlayMedia(&quot;plugin://plugin.video.anarchitv/?url=http%3A%2F%2Fbit.ly%2F1PfGXKW&amp;mode=1&amp;name=%5BCOLOR+orange%5DHD+%D7%94%D7%90%D7%97+%D7%94%D7%92%D7%93%D7%95%D7%9C%5B%2FCOLOR%5D+%5BCOLOR+blue%5D+%5B%5B%2FCOLOR%5D%5BCOLOR+red%5D%D7%99%D7%A9%D7%A8%D7%90%D7%9C%D7%99%5B%2FCOLOR%5D%5BCOLOR+blue%5D%5D%5B%2FCOLOR%5D&amp;iconimage=http%3A%2F%2Fanarchitv.gq%2FTV%2FLogos%2FBigBrother.png&quot;,return)</action>
	</shortcut>
	<shortcut>
		<defaultID>coloryellow-b-rvtshkhhgdvl-b-color</defaultID>
		<label>[COLOR yellow][B]ערוץ האח הגדול[/B][/COLOR]</label>
		<label2>מועדף</label2>
		<icon>special://skin/extras/icons/files.png</icon>
		<thumb>special://profile/addon_data/script.skinshortcuts/skin.eminence.zeev-thumb-coloryellow-b-rvtshkhhgdvl-b-color.jpg</thumb>
		<action>PlayMedia(&quot;plugin://plugin.video.israelive/?url=BB&amp;mode=10&amp;name=%5BCOLOR+yellow%5D%5BB%5D%D7%A2%D7%A8%D7%95%D7%A5+%D7%94%D7%90%D7%97+%D7%94%D7%92%D7%93%D7%95%D7%9C%5B%2FB%5D%5B%2FCOLOR%5D&amp;iconimage=http%3A%2F%2Fupload.wikimedia.org%2Fwikipedia%2Fhe%2Fthumb%2F4%2F44%2FBigBrotherIsrael.jpg%2F250px-BigBrotherIsrael.jpg&amp;description=&amp;displayname=%D7%A2%D7%A8%D7%95%D7%A5+%D7%94%D7%90%D7%97+%D7%94%D7%92%D7%93%D7%95%D7%9C&amp;categoryid=10065&quot;,return)</action>
	</shortcut>
	<shortcut>
		<defaultID>bigbrother-hkhhgdvl</defaultID>
		<label>(Big Brother) האח הגדול</label>
		<label2>מועדף</label2>
		<icon>special://skin/extras/icons/files.png</icon>
		<thumb>special://profile/addon_data/script.skinshortcuts/skin.eminence.zeev-thumb-bigbrother-hkhhgdvl.png</thumb>
		<action>PlayMedia(&quot;http://streamup.global.ssl.fastly.net/app/bb2016s-stream/chunklist.m3u8&quot;,return)</action>
	</shortcut>
	<shortcut>
		<defaultID>bigbrother-hkhhgdvl</defaultID>
		<label>(Big Brother) האח הגדול</label>
		<label2>מועדף</label2>
		<icon>special://skin/extras/icons/files.png</icon>
		<thumb>special://profile/addon_data/script.skinshortcuts/skin.eminence.zeev-thumb-bigbrother-hkhhgdvl.png</thumb>
		<action>PlayMedia(&quot;http://streamup.global.ssl.fastly.net/app/bb2016s-stream/chunklist.m3u8&quot;,return)</action>
	</shortcut>
</shortcuts>