<?xml version="1.0" encoding="utf-8"?><shortcuts>
	<shortcut>
		<defaultID>plugin.video.kodisraelkids</defaultID>
		<label>ילדודס</label>
		<label2>הרחבת וידאו</label2>
		<icon>DefaultShortcut.png</icon>
		<thumb>image://C%3a%5cUsers%5ceglobal%5cAppData%5cRoaming%5cKodi%5caddons%5cplugin.video.kodisraelkids%5cicon.png/</thumb>
		<action>ActivateWindow(10025,&quot;plugin://plugin.video.kodisraelkids&quot;,return)</action>
	</shortcut>
	<shortcut>
		<defaultID>plugin.video.KIDSIL</defaultID>
		<label>KIDSIL</label>
		<label2>הרחבת וידאו</label2>
		<icon>DefaultShortcut.png</icon>
		<thumb>image://C%3a%5cUsers%5ceglobal%5cAppData%5cRoaming%5cKodi%5caddons%5cplugin.video.KIDSIL%5cicon.png/</thumb>
		<action>ActivateWindow(10025,&quot;plugin://plugin.video.KIDSIL&quot;,return)</action>
	</shortcut>
	<shortcut>
		<defaultID>plugin.video.lulitv</defaultID>
		<label>לולי</label>
		<label2>הרחבת וידאו</label2>
		<icon>DefaultShortcut.png</icon>
		<thumb>image://C%3a%5cUsers%5ceglobal%5cAppData%5cRoaming%5cKodi%5caddons%5cplugin.video.lulitv%5cicon.png/</thumb>
		<action>ActivateWindow(10025,&quot;plugin://plugin.video.lulitv&quot;,return)</action>
	</shortcut>
	<shortcut>
		<defaultID>plugin.video.hop</defaultID>
		<label>הופ!</label>
		<label2>הרחבת וידאו</label2>
		<icon>DefaultShortcut.png</icon>
		<thumb>image://C%3a%5cUsers%5ceglobal%5cAppData%5cRoaming%5cKodi%5caddons%5cplugin.video.hop%5cicon.png/</thumb>
		<action>ActivateWindow(10025,&quot;plugin://plugin.video.hop&quot;,return)</action>
	</shortcut>
	<shortcut>
		<defaultID>plugin.video.movixws</defaultID>
		<label>Movix.me</label>
		<label2>הרחבת וידאו</label2>
		<icon>DefaultShortcut.png</icon>
		<thumb>image://C%3a%5cUsers%5ceglobal%5cAppData%5cRoaming%5cKodi%5caddons%5cplugin.video.movixws%5cicon.png/</thumb>
		<action>ActivateWindow(10025,&quot;plugin://plugin.video.movixws&quot;,return)</action>
	</shortcut>
	<shortcut>
		<defaultID>plugin.video.tvil</defaultID>
		<label>TVIL.me</label>
		<label2>הרחבת וידאו</label2>
		<icon>DefaultShortcut.png</icon>
		<thumb>image://C%3a%5cUsers%5ceglobal%5cAppData%5cRoaming%5cKodi%5caddons%5cplugin.video.tvil%5cicon.png/</thumb>
		<action>ActivateWindow(10025,&quot;plugin://plugin.video.tvil&quot;,return)</action>
	</shortcut>
	<shortcut>
		<defaultID>plugin.video.kidstv</defaultID>
		<label>KidsTV</label>
		<label2>הרחבת וידאו</label2>
		<icon>DefaultShortcut.png</icon>
		<thumb>image://C%3a%5cUsers%5ceglobal%5cAppData%5cRoaming%5cKodi%5caddons%5cplugin.video.kidstv%5cicon.png/</thumb>
		<action>ActivateWindow(10025,&quot;plugin://plugin.video.kidstv&quot;,return)</action>
	</shortcut>
	<shortcut>
		<defaultID>plugin.video.baby</defaultID>
		<label>Baby TV</label>
		<label2>הרחבת וידאו</label2>
		<icon>DefaultShortcut.png</icon>
		<thumb>image://C%3a%5cUsers%5ceglobal%5cAppData%5cRoaming%5cKodi%5caddons%5cplugin.video.Baby%5cicon.png/</thumb>
		<action>ActivateWindow(10025,&quot;plugin://plugin.video.baby&quot;,return)</action>
	</shortcut>
	<shortcut>
		<defaultID>plugin.video.featherence.kids</defaultID>
		<label>Featherence Kids</label>
		<label2>הרחבת וידאו</label2>
		<icon>DefaultShortcut.png</icon>
		<thumb>image://C%3a%5cUsers%5ceglobal%5cAppData%5cRoaming%5cKodi%5caddons%5cplugin.video.featherence.kids%5cicon.png/</thumb>
		<action>ActivateWindow(10025,&quot;plugin://plugin.video.featherence.kids&quot;,return)</action>
	</shortcut>
	<shortcut>
		<defaultID>plugin.video.gozlan.me</defaultID>
		<label>Gozlan</label>
		<label2>הרחבת וידאו</label2>
		<icon>DefaultShortcut.png</icon>
		<thumb>image://C%3a%5cUsers%5ceglobal%5cAppData%5cRoaming%5cKodi%5caddons%5cplugin.video.gozlan.me%5cicon.png/</thumb>
		<action>ActivateWindow(10025,&quot;plugin://plugin.video.gozlan.me&quot;,return)</action>
	</shortcut>
</shortcuts>