<?xml version="1.0" encoding="utf-8"?><shortcuts>
	<shortcut>
		<defaultID/>
		<label>[COLOR royalblue][B]ישראל | Israel[/B][/COLOR]</label>
		<label2>הרחבת וידאו</label2>
		<icon>DefaultShortcut.png</icon>
		<thumb>image://%2fstorage%2f.kodi%2faddons%2fplugin.video.anarchitv%2fresources%2ficons%2f%2fisrael.png/</thumb>
		<action>ActivateWindow(VideoLibrary,&quot;plugin://plugin.video.anarchitv/?url=%D7%99%D7%A9%D7%A8%D7%90%D7%9C&amp;mode=62&amp;name=%5BCOLOR+royalblue%5D%5BB%5D%D7%99%D7%A9%D7%A8%D7%90%D7%9C+%7C+Israel%5B%2FB%5D%5B%2FCOLOR%5D&amp;iconimage=%2Fstorage%2F.kodi%2Faddons%2Fplugin.video.anarchitv%2Fresources%2Ficons%2F%2Fisrael.png&quot;,return)</action>
	</shortcut>
</shortcuts>