<?xml version="1.0" encoding="utf-8"?><shortcuts>
	<shortcut>
		<defaultID/>
		<label>LIVE GAMES</label>
		<label2>הרחבת וידאו</label2>
		<icon>DefaultShortcut.png</icon>
		<thumb>special://profile/addon_data/script.skinshortcuts/skin.eminence.zeev-thumb-LIVE GAMES.jpg</thumb>
		<action>ActivateWindow(10025,&quot;plugin://plugin.video.phstreams/?name=LIVE+GAMES&amp;url=http%3A%2F%2Ftuzla.watchkodi.com%2FLIVE%2520TV%2Fnewsport.xml&amp;audio=0&amp;image=http%3A%2F%2Fbuskerbrownes.com%2Fwp-content%2Fuploads%2F2013%2F06%2Fimg1.jpg&amp;fanart=https%3A%2F%2Flh4.googleusercontent.com%2F-WwZHUFLPK2E%2FU3Kd4itvhPI%2FAAAAAAAAAKM%2FsaEb-0QngnM%2Fs0-d%2FBurning-Soccer-Ball-1600x1200.jpg&amp;playable=false&amp;tvshow=0&amp;content=0&amp;action=ndmode&quot;,return)</action>
	</shortcut>
	<shortcut>
		<defaultID>spvrt5-colorblue-color-colorred-yshrly-color-colorblue-color</defaultID>
		<label>ספורט 5 [COLOR blue] [[/COLOR][COLOR red]ישראלי[/COLOR][COLOR blue]][/COLOR]</label>
		<label2>מועדף</label2>
		<icon>special://skin/extras/icons/files.png</icon>
		<thumb>special://profile/addon_data/script.skinshortcuts/skin.eminence.zeev-thumb-spvrt5-colorblue-color-colorred-yshrly-color-colorblue-color.png</thumb>
		<action>PlayMedia(&quot;plugin://plugin.video.anarchitv/?url=http%3A%2F%2F82.80.192.28%3A1935%2Fsport5_LiveIsraelRepeat%2F_definst_%2Fsmil%3ALiveIsrael.smil%2Fmedia.m3u8&amp;mode=1&amp;name=%D7%A1%D7%A4%D7%95%D7%A8%D7%98+5+%5BCOLOR+blue%5D+%5B%5B%2FCOLOR%5D%5BCOLOR+red%5D%D7%99%D7%A9%D7%A8%D7%90%D7%9C%D7%99%5B%2FCOLOR%5D%5BCOLOR+blue%5D%5D%5B%2FCOLOR%5D&amp;iconimage=http%3A%2F%2Fanarchitv.gq%2FTV%2FLogos%2F5.png&quot;,return)</action>
	</shortcut>
	<shortcut>
		<defaultID>colororange-hdsports-color</defaultID>
		<label>[COLOR orange]HD Sports[/COLOR]</label>
		<label2>מועדף</label2>
		<icon>special://skin/extras/icons/files.png</icon>
		<thumb>special://profile/addon_data/script.skinshortcuts/skin.eminence.zeev-thumb-colororange-hdsports-color.jpg</thumb>
		<action>ActivateWindow(10025,&quot;plugin://plugin.video.phstreams/?action=ndmode&amp;audio=0&amp;content=0&amp;fanart=http%3a%2f%2fshanghai.watchkodi.com%2fSections%2fWoody%2fWoody.jpg&amp;image=http%3a%2f%2fs5.postimg.org%2f4vavhx43r%2fOnline_Sports_isn_t_it_Fun.jpg&amp;name=%5bCOLOR%20orange%5dHD%20Sports%5b%2fCOLOR%5d&amp;playable=false&amp;tvshow=0&amp;url=http%3a%2f%2fshanghai.watchkodi.com%2fSections%2fHD%2520Sports.xml&quot;,return)</action>
	</shortcut>
	<shortcut>
		<defaultID/>
		<label>[COLOR orange]HUDDLE UP SPORTS[/COLOR]</label>
		<label2>הרחבת וידאו</label2>
		<icon>DefaultShortcut.png</icon>
		<thumb>special://profile/addon_data/script.skinshortcuts/skin.eminence.zeev-thumb-[COLOR orange]HUDDLE UP SPORTS[-COLOR].jpg</thumb>
		<action>ActivateWindow(10025,&quot;plugin://plugin.video.phstreams/?name=%5BCOLOR+orange%5DHUDDLE+UP+SPORTS%5B%2FCOLOR%5D&amp;url=&amp;audio=0&amp;image=http%3A%2F%2Fs20.postimg.org%2Fuc9x9wpgt%2Fhuddle.jpg&amp;fanart=http%3A%2F%2Fs20.postimg.org%2Frgj1xthbh%2FWoody_Icon.jpg&amp;playable=false&amp;tvshow=0&amp;content=0&amp;action=HuddleDirectory&quot;,return)</action>
	</shortcut>
	<shortcut>
		<defaultID>plugin.video.SportsDevil</defaultID>
		<label>SportsDevil</label>
		<label2>הרחבת וידאו</label2>
		<icon>DefaultShortcut.png</icon>
		<thumb>image://C%3a%5cUsers%5ceglobal%5cAppData%5cRoaming%5cKodi%5caddons%5cplugin.video.SportsDevil%5cicon.png/</thumb>
		<action>ActivateWindow(10025,&quot;plugin://plugin.video.SportsDevil&quot;,return)</action>
	</shortcut>
	<shortcut>
		<defaultID/>
		<label>[COLOR royalblue][B]ספורט[/B][/COLOR]</label>
		<label2>הרחבת וידאו</label2>
		<icon>DefaultShortcut.png</icon>
		<thumb>image://C%3a%5cUsers%5ceglobal%5cAppData%5cRoaming%5cKodi%5caddons%5cplugin.video.anarchitv%5cresources%2ficons%2f%2fsports.png/</thumb>
		<action>ActivateWindow(10025,&quot;plugin://plugin.video.anarchitv/?url=sport&amp;mode=52&amp;name=%5BCOLOR+royalblue%5D%5BB%5D%D7%A1%D7%A4%D7%95%D7%A8%D7%98%5B%2FB%5D%5B%2FCOLOR%5D&amp;iconimage=C%3A%5CUsers%5Ceglobal%5CAppData%5CRoaming%5CKodi%5Caddons%5Cplugin.video.anarchitv%5Cresources%2Ficons%2F%2Fsports.png&quot;,return)</action>
	</shortcut>
	<shortcut>
		<defaultID/>
		<label>[COLOR blue][B][Sport - ספורט][/B][/COLOR]</label>
		<label2>הרחבת וידאו</label2>
		<icon>DefaultShortcut.png</icon>
		<thumb>special://profile/addon_data/script.skinshortcuts/skin.eminence.zeev-thumb-[COLOR blue][B][Sport - ספורט][-B][-COLOR].jpg</thumb>
		<action>ActivateWindow(10025,&quot;plugin://plugin.video.israelive/?url=cat&amp;mode=2&amp;name=%5BCOLOR+blue%5D%5BB%5D%5BSport+-+%D7%A1%D7%A4%D7%95%D7%A8%D7%98%5D%5B%2FB%5D%5B%2FCOLOR%5D&amp;iconimage=http%3A%2F%2F4vector.com%2Fi%2Ffree-vector-sport-vector-pack_098139_sportsvector%2520pack.jpg&amp;description=&amp;displayname=10492&quot;,return)</action>
	</shortcut>
</shortcuts>