<?xml version="1.0" encoding="utf-8"?><shortcuts>
	<shortcut>
		<defaultID/>
		<label>מוזיקה</label>
		<label2>Custom item</label2>
		<icon>DefaultShortcut.png</icon>
		<thumb>special://skin/extras/icons/</thumb>
		<action>ActivateWindow(Music)</action>
	</shortcut>
	<shortcut>
		<defaultID>19019</defaultID>
		<label>רדיו</label>
		<label2>רדיו</label2>
		<icon>special://skin/extras/icons/songs.png</icon>
		<thumb/>
		<action>ActivateWindow(RadioChannels)</action>
	</shortcut>
	<shortcut>
		<defaultID>plugin.video.youtube</defaultID>
		<label>YouTube</label>
		<label2>הרחבת וידאו</label2>
		<icon>DefaultShortcut.png</icon>
		<thumb>special://profile/addon_data/script.skinshortcuts/skin.eminence.zeev-thumb-plugin.video.youtube.png</thumb>
		<action>ActivateWindow(VideoLibrary,&quot;plugin://plugin.video.youtube&quot;,return)</action>
	</shortcut>
	<shortcut>
		<defaultID/>
		<label>איזור המוזיקה</label>
		<label2>Custom item</label2>
		<icon>DefaultShortcut.png</icon>
		<thumb/>
		<action>ActivateWindow(10502,&quot;plugin://plugin.video.featherence.music&quot;,return)</action>
	</shortcut>
	<shortcut>
		<defaultID/>
		<label>רדיו 99FM</label>
		<label2>Custom item</label2>
		<icon>DefaultShortcut.png</icon>
		<thumb/>
		<action>ActivateWindow(10502,&quot;plugin://plugin.audio.99fm-playlists&quot;,return)</action>
	</shortcut>
	<shortcut>
		<defaultID/>
		<label>רדיו 100FM</label>
		<label2>Custom item</label2>
		<icon>DefaultShortcut.png</icon>
		<thumb/>
		<action>ActivateWindow(10502,&quot;plugin://plugin.audio.100fm&quot;,return)</action>
	</shortcut>
	<shortcut>
		<defaultID/>
		<label>מוסיקת Kmusic</label>
		<label2>Custom item</label2>
		<icon>DefaultShortcut.png</icon>
		<thumb/>
		<action>ActivateWindow(10502,&quot;plugin://plugin.video.kmusictube&quot;,return)</action>
	</shortcut>
	<shortcut>
		<defaultID/>
		<label>מוזיקת House</label>
		<label2>Custom item</label2>
		<icon>DefaultShortcut.png</icon>
		<thumb/>
		<action>ActivateWindow(10502,&quot;plugin://plugin.audio.housemixes&quot;,return)</action>
	</shortcut>
	<shortcut>
		<defaultID/>
		<label>רדיו עולמי</label>
		<label2>Custom item</label2>
		<icon>DefaultShortcut.png</icon>
		<thumb/>
		<action>ActivateWindow(Music,&quot;plugin://plugin.audio.tunir&quot;,return)</action>
	</shortcut>
	<shortcut>
		<defaultID>133</defaultID>
		<label>133</label>
		<label2>מוזיקה</label2>
		<icon>DefaultMusicArtists.png</icon>
		<thumb/>
		<action>ActivateWindow(MusicLibrary,musicdb://artists/,return)</action>
	</shortcut>
	<shortcut>
		<defaultID>132</defaultID>
		<label>132</label>
		<label2>מוזיקה</label2>
		<icon>DefaultMusicAlbums.png</icon>
		<thumb/>
		<action>ActivateWindow(MusicLibrary,musicdb://albums/,return)</action>
	</shortcut>
	<shortcut>
		<defaultID>134</defaultID>
		<label>134</label>
		<label2>מוזיקה</label2>
		<icon>DefaultMusicSongs.png</icon>
		<thumb/>
		<action>ActivateWindow(MusicLibrary,musicdb://songs/,return)</action>
	</shortcut>
	<shortcut>
		<defaultID>744</defaultID>
		<label>744</label>
		<label2>מוזיקה</label2>
		<icon>DefaultFolder.png</icon>
		<thumb/>
		<action>ActivateWindow(MusicFiles)</action>
	</shortcut>
	<shortcut>
		<defaultID>15100</defaultID>
		<label>15100</label>
		<label2>מוזיקה</label2>
		<icon>DefaultFolder.png</icon>
		<thumb/>
		<action>ActivateWindow(MusicLibrary,MusicLibrary,return)</action>
	</shortcut>
</shortcuts>