<?xml version="1.0" encoding="utf-8"?><shortcuts>
	<shortcut>
		<defaultID>enablezerocachingsettings</defaultID>
		<label>Enable Zero Caching Settings</label>
		<label2>מועדף</label2>
		<icon>special://skin/extras/icons/files.png</icon>
		<thumb>special://profile/addon_data/script.skinshortcuts/skin.eminence.zeev-thumb-enablezerocachingsettings.png</thumb>
		<action>PlayMedia(&quot;plugin://plugin.video.xbmchubmaintenance/?url=http%3A%2F%2Ftribeca.tvaddons.ag%2Ftools%2Fmaintenance%2Ftweaks%2Fadvancedsettings%2F0cache.xml&amp;mode=16&amp;name=Enable+Zero+Caching+Settings&amp;iconimage=http%3A%2F%2Ftribeca.tvaddons.ag%2Ftools%2Fmaintenance%2Fthumbs%2Fzerocache.jpg&amp;fanart=C%3A%5CUsers%5CShaul%5CAppData%5CRoaming%5CKodi%5Caddons%5Cplugin.video.xbmchubmaintenance%5Cfanart.jpg&quot;,return)</action>
	</shortcut>
	<shortcut>
		<defaultID>x1101</defaultID>
		<label>20342</label>
		<label2>Hub 1101</label2>
		<icon>DefaultShortcut.png</icon>
		<thumb>special://profile/addon_data/script.skinshortcuts/skin.eminence.zeev-thumb-x1101.png</thumb>
		<action>ActivateWindow(1101)</action>
	</shortcut>
	<shortcut>
		<defaultID>x1102</defaultID>
		<label>20343</label>
		<label2>Hub 1102</label2>
		<icon>DefaultShortcut.png</icon>
		<thumb>special://profile/addon_data/script.skinshortcuts/skin.eminence.zeev-thumb-x1102.png</thumb>
		<action>ActivateWindow(1102)</action>
	</shortcut>
	<shortcut>
		<defaultID>31312</defaultID>
		<label>$SKIN[31312|skin.eminence.zeev|ספורט]</label>
		<label2>Hub 1110</label2>
		<icon>special://skin/extras/icons/sport.png</icon>
		<thumb>special://profile/addon_data/script.skinshortcuts/skin.eminence.zeev-thumb-31312.png</thumb>
		<action>ActivateWindow(1110)</action>
	</shortcut>
	<shortcut>
		<defaultID>livetv</defaultID>
		<label>31343584</label>
		<label2>Common Shortcut</label2>
		<icon>DefaultShortcut.png</icon>
		<thumb>special://profile/addon_data/script.skinshortcuts/skin.eminence.zeev-thumb-livetv.png</thumb>
		<action>ActivateWindow(MyPVR)</action>
	</shortcut>
	<shortcut>
		<defaultID>x1112</defaultID>
		<label>$SKIN[31314|skin.eminence.zeev|VOD]</label>
		<label2>Hub 1112</label2>
		<icon>DefaultShortcut.png</icon>
		<thumb>special://profile/addon_data/script.skinshortcuts/skin.eminence.zeev-thumb-x1112.png</thumb>
		<action>ActivateWindow(1112)</action>
	</shortcut>
	<shortcut>
		<defaultID>plugin.video.youtube</defaultID>
		<label>YouTube</label>
		<label2>הרחבת וידאו</label2>
		<icon>DefaultShortcut.png</icon>
		<thumb>special://profile/addon_data/script.skinshortcuts/skin.eminence.zeev-thumb-plugin.video.youtube.png</thumb>
		<action>ActivateWindow(VideoLibrary,&quot;plugin://plugin.video.youtube&quot;,return)</action>
	</shortcut>
	<shortcut>
		<defaultID>x1113</defaultID>
		<label>$SKIN[31313|skin.eminence.zeev|ילדים]</label>
		<label2>Hub 1113</label2>
		<icon>DefaultShortcut.png</icon>
		<thumb>special://profile/addon_data/script.skinshortcuts/skin.eminence.zeev-thumb-x1113.png</thumb>
		<action>ActivateWindow(1113)</action>
	</shortcut>
	<shortcut>
		<defaultID>1037</defaultID>
		<label>1037</label>
		<label2>Common Shortcut</label2>
		<icon>DefaultShortcut.png</icon>
		<thumb>special://profile/addon_data/script.skinshortcuts/skin.eminence.zeev-thumb-1037.png</thumb>
		<action>ActivateWindow(Videos,Addons,return)</action>
	</shortcut>
	<shortcut>
		<defaultID>programs</defaultID>
		<label>1036</label>
		<label2>Common Shortcut</label2>
		<icon>special://skin/extras/icons/favourites.png</icon>
		<thumb>special://profile/addon_data/script.skinshortcuts/skin.eminence.zeev-thumb-programs.png</thumb>
		<action>ActivateWindow(Favourites)</action>
	</shortcut>
	<shortcut>
		<defaultID>10001</defaultID>
		<label>10001</label>
		<label2>Common Shortcut</label2>
		<icon>DefaultShortcut.png</icon>
		<thumb>special://profile/addon_data/script.skinshortcuts/skin.eminence.zeev-thumb-10001.png</thumb>
		<action>ActivateWindow(Programs,Addons,return)</action>
	</shortcut>
	<shortcut>
		<defaultID>settings</defaultID>
		<label>10004</label>
		<label2>Common Shortcut</label2>
		<icon>special://skin/extras/icons/settings.png</icon>
		<thumb>special://profile/addon_data/script.skinshortcuts/skin.eminence.zeev-thumb-settings.png</thumb>
		<action>ActivateWindow(Settings)</action>
	</shortcut>
	<shortcut>
		<defaultID>power</defaultID>
		<label>33060</label>
		<label2>Common Shortcut</label2>
		<icon>DefaultShortcut.png</icon>
		<thumb>special://profile/addon_data/script.skinshortcuts/skin.eminence.zeev-thumb-power.png</thumb>
		<action>ActivateWindow(shutdownmenu)</action>
	</shortcut>
</shortcuts>