<?xml version="1.0" encoding="utf-8"?><shortcuts>
	<shortcut>
		<defaultID/>
		<label>סרטי אקסודוס</label>
		<label2>הרחבת וידאו</label2>
		<icon>DefaultShortcut.png</icon>
		<thumb>special://profile/addon_data/script.skinshortcuts/skin.eminence.zeev-thumb-סרטי אקסודוס.png</thumb>
		<action>ActivateWindow(VideoLibrary,&quot;plugin://plugin.video.exodus/?action=movies&amp;url=featured&quot;,return)</action>
	</shortcut>
	<shortcut>
		<defaultID/>
		<label>סרטי סולטס</label>
		<label2>הרחבת וידאו</label2>
		<icon>DefaultShortcut.png</icon>
		<thumb>special://profile/addon_data/script.skinshortcuts/skin.eminence.zeev-thumb-סרטי סולטס.png</thumb>
		<action>ActivateWindow(VideoLibrary,&quot;plugin://plugin.video.salts/?section=Movies&amp;mode=trending&quot;,return)</action>
	</shortcut>
	<shortcut>
		<defaultID>31535</defaultID>
		<label>$SKIN[31535|skin.eminence.zeev|סרטי קיוסר]</label>
		<label2>Movie Hub Shortcut</label2>
		<icon>special://skin/extras/icons/ICONS/QUSAR.png</icon>
		<thumb/>
		<action>ActivateWindow(10025,&quot;plugin://plugin.video.quasar/movies/popular&quot;,return)</action>
	</shortcut>
	<shortcut>
		<defaultID>plugin.video.meta/movies/search</defaultID>
		<label>חיפוש</label>
		<label2>הרחבת וידאו</label2>
		<icon>DefaultShortcut.png</icon>
		<thumb>special://profile/addon_data/script.skinshortcuts/skin.eminence.zeev-thumb-plugin.video.meta-movies-search.png</thumb>
		<action>ActivateWindow(VideoLibrary,&quot;plugin://plugin.video.meta/movies/search&quot;,return)</action>
	</shortcut>
</shortcuts>