<?xml version="1.0" encoding="utf-8"?><shortcuts>
	<shortcut>
		<defaultID>spvrt5mvbyyl-b-colorlime-yshrl-color-b</defaultID>
		<label>ספורט 5 מובייל [B][COLOR lime] ישראל - [/COLOR][/B]</label>
		<label2>מועדף</label2>
		<icon>special://skin/extras/icons/files.png</icon>
		<thumb>special://profile/addon_data/script.skinshortcuts/skin.eminence.zeev-thumb-spvrt5mvbyyl-b-colorlime-yshrl-color-b.png</thumb>
		<action>PlayMedia(&quot;plugin://plugin.video.anarchitv/?url=http%3A%2F%2Fanarchitv.co%2Ftvv%2Fs5.m3u8&amp;mode=1&amp;name=%D7%A1%D7%A4%D7%95%D7%A8%D7%98+5+%D7%9E%D7%95%D7%91%D7%99%D7%99%D7%9C+%5BB%5D%5BCOLOR+lime%5D+%D7%99%D7%A9%D7%A8%D7%90%D7%9C+-+%5B%2FCOLOR%5D%5B%2FB%5D&amp;iconimage=http%3A%2F%2Fanarchitv.co%2FTV%2FLogos%2F5.png&quot;,return)</action>
	</shortcut>
	<shortcut>
		<defaultID/>
		<label>Rojadirecta.me</label>
		<label2>הרחבת וידאו</label2>
		<icon>DefaultShortcut.png</icon>
		<thumb>special://profile/addon_data/script.skinshortcuts/skin.eminence.zeev-thumb-Rojadirecta.me.jpg</thumb>
		<action>ActivateWindow(VideoLibrary,&quot;plugin://plugin.video.castaway/?mode=open_p2p_sport&amp;site=rojadirecta&quot;,return)</action>
	</shortcut>
	<shortcut>
		<defaultID/>
		<label>Arenavision.in</label>
		<label2>הרחבת וידאו</label2>
		<icon>DefaultShortcut.png</icon>
		<thumb>special://profile/addon_data/script.skinshortcuts/skin.eminence.zeev-thumb-Arenavision.in.jpg</thumb>
		<action>ActivateWindow(VideoLibrary,&quot;plugin://plugin.video.castaway/?mode=open_p2p_sport&amp;site=arenavision&quot;,return)</action>
	</shortcut>
	<shortcut>
		<defaultID/>
		<label>.Sport</label>
		<label2>הרחבת וידאו</label2>
		<icon>DefaultShortcut.png</icon>
		<thumb>special://profile/addon_data/script.skinshortcuts/skin.eminence.zeev-thumb-.Sport.png</thumb>
		<action>ActivateWindow(VideoLibrary,&quot;plugin://plugin.video.castaway/?url=%D0%A1%D0%BF%D0%BE%D1%80%D1%82&amp;mode=open_p2p_cat&amp;site=ttv&amp;adult=False&quot;,return)</action>
	</shortcut>
	<shortcut>
		<defaultID>plugin.video.SportsDevil</defaultID>
		<label>SportsDevil</label>
		<label2>הרחבת וידאו</label2>
		<icon>DefaultShortcut.png</icon>
		<thumb>special://profile/addon_data/script.skinshortcuts/skin.eminence.zeev-thumb-plugin.video.SportsDevil.png</thumb>
		<action>ActivateWindow(VideoLibrary,&quot;plugin://plugin.video.SportsDevil&quot;,return)</action>
	</shortcut>
</shortcuts>