<?xml version="1.0" encoding="utf-8"?><shortcuts>
	<shortcut>
		<defaultID/>
		<label>100 הגדולים</label>
		<label2>הרחבת מוזיקה</label2>
		<icon>DefaultShortcut.png</icon>
		<thumb>special://profile/addon_data/script.skinshortcuts/skin.eminence.zeev-thumb-100 הגדולים.png</thumb>
		<action>ActivateWindow(10501,&quot;plugin://plugin.video.spotitube/?url=http%3A%2F%2Fwww.billboard.com%2Frss%2Fcharts%2Fhot-100&amp;mode=listBillboardCharts&amp;type=browse&amp;limit=&quot;,return)</action>
	</shortcut>
	<shortcut>
		<defaultID/>
		<label>הופעות חיות</label>
		<label2>הרחבת וידאו</label2>
		<icon>DefaultShortcut.png</icon>
		<thumb>special://profile/addon_data/script.skinshortcuts/skin.eminence.zeev-thumb-הופעות חיות.png</thumb>
		<action>ActivateWindow(10025,&quot;plugin://plugin.video.kodisraelliveconcert/?action=main_list&amp;title=%D7%94%D7%95%D7%A4%D7%A2%D7%95%D7%AA+%D7%97%D7%99%D7%95%D7%AA&amp;url=%3Fpid%3DPLFw7KwIWHNB0xJHalTpCNNzbKX_FzTdjR%26start-index%3D1%26max-results%3D30&amp;thumbnail=&amp;plot=&quot;,return)</action>
	</shortcut>
	<shortcut>
		<defaultID>133</defaultID>
		<label>133</label>
		<label2>מוזיקה</label2>
		<icon>DefaultMusicArtists.png</icon>
		<thumb/>
		<action>ActivateWindow(MusicLibrary,musicdb://artists/,return)</action>
	</shortcut>
	<shortcut>
		<defaultID>132</defaultID>
		<label>132</label>
		<label2>מוזיקה</label2>
		<icon>DefaultMusicAlbums.png</icon>
		<thumb/>
		<action>ActivateWindow(MusicLibrary,musicdb://albums/,return)</action>
	</shortcut>
	<shortcut>
		<defaultID>134</defaultID>
		<label>134</label>
		<label2>מוזיקה</label2>
		<icon>DefaultMusicSongs.png</icon>
		<thumb/>
		<action>ActivateWindow(MusicLibrary,musicdb://songs/,return)</action>
	</shortcut>
	<shortcut>
		<defaultID>744</defaultID>
		<label>744</label>
		<label2>מוזיקה</label2>
		<icon>DefaultFolder.png</icon>
		<thumb/>
		<action>ActivateWindow(MusicFiles)</action>
	</shortcut>
	<shortcut>
		<defaultID>15100</defaultID>
		<label>15100</label>
		<label2>מוזיקה</label2>
		<icon>DefaultFolder.png</icon>
		<thumb/>
		<action>ActivateWindow(MusicLibrary,MusicLibrary,return)</action>
	</shortcut>
</shortcuts>