<?xml version="1.0" encoding="utf-8"?><shortcuts>
	<shortcut>
		<defaultID>tvshows</defaultID>
		<label>קיר סדרות</label>
		<label2>Episode Hub Shortcut</label2>
		<icon>special://skin/extras/icons/tv.png</icon>
		<thumb>special://profile/addon_data/script.skinshortcuts/skin.eminence.zeev-thumb-tvshows.png</thumb>
		<action>ActivateWindow(Videos,TvShowTitles,return)</action>
	</shortcut>
	<shortcut>
		<defaultID>137</defaultID>
		<label>חיפוש בקיר</label>
		<label2>Episode Hub Shortcut</label2>
		<icon>special://skin/extras/icons/search.png</icon>
		<thumb/>
		<action>RunScript(script.globalsearch,tvshows=true&amp;episodes=true&amp;movies=true)</action>
	</shortcut>
	<shortcut>
		<defaultID>yshrly</defaultID>
		<label>סדרות ישראליות</label>
		<label2>מועדף</label2>
		<icon>special://skin/extras/icons/files.png</icon>
		<thumb>special://profile/addon_data/script.skinshortcuts/skin.eminence.zeev-thumb-yshrly.png</thumb>
		<action>ActivateWindow(10025,&quot;plugin://plugin.video.sdarot.tv/?mode=2&amp;module=http%3a%2f%2fwww.sdarot.pm%2fseries%2fgenre%2f20%d7%99%d7%a9%d7%a8%d7%90%d7%9c%d7%99&amp;name=%d7%99%d7%a9%d7%a8%d7%90%d7%9c%d7%99&amp;summary&amp;url=all-heb&quot;,return)</action>
	</shortcut>
	<shortcut>
		<defaultID/>
		<label>סדרות ג'נסיס</label>
		<label2>הרחבת וידאו</label2>
		<icon>DefaultShortcut.png</icon>
		<thumb>special://profile/addon_data/script.skinshortcuts/skin.eminence.zeev-thumb-סדרות ג'נסיס.png</thumb>
		<action>ActivateWindow(10025,&quot;plugin://plugin.video.genesis/?action=tvNavigator&quot;,return)</action>
	</shortcut>
	<shortcut>
		<defaultID>plugin.video.pulsar/shows/</defaultID>
		<label>סדרות פולסר</label>
		<label2>הרחבת וידאו</label2>
		<icon>DefaultShortcut.png</icon>
		<thumb>special://profile/addon_data/script.skinshortcuts/skin.eminence.zeev-thumb-plugin.video.pulsar-shows-.png</thumb>
		<action>ActivateWindow(10025,&quot;plugin://plugin.video.pulsar/shows/&quot;,return)</action>
	</shortcut>
	<shortcut>
		<defaultID/>
		<label>סדרות SALTS</label>
		<label2>הרחבת וידאו</label2>
		<icon>DefaultShortcut.png</icon>
		<thumb>special://profile/addon_data/script.skinshortcuts/skin.eminence.zeev-thumb-סדרות SALTS.png</thumb>
		<action>ActivateWindow(10025,&quot;plugin://plugin.video.salts/?section=TV&amp;mode=browse&quot;,return)</action>
	</shortcut>
	<shortcut>
		<defaultID/>
		<label>תוכניות דוקומנטריות</label>
		<label2>הרחבת וידאו</label2>
		<icon>DefaultShortcut.png</icon>
		<thumb>special://profile/addon_data/script.skinshortcuts/skin.eminence.zeev-thumb-תוכניות דוקומנטריות.png</thumb>
		<action>ActivateWindow(10025,&quot;plugin://plugin.video.genesis/?action=tvshows&amp;url=http%3A%2F%2Fapi.themoviedb.org%2F3%2Fdiscover%2Ftv%3Fapi_key%3D%25s%26with_genres%3D99%26air_date.gte%3D2014-11-02%26air_date.lte%3D2015-11-02%26page%3D1&quot;,return)</action>
	</shortcut>
	<shortcut>
		<defaultID/>
		<label>תוכניות טבע</label>
		<label2>הרחבת וידאו</label2>
		<icon>DefaultShortcut.png</icon>
		<thumb>special://profile/addon_data/script.skinshortcuts/skin.eminence.zeev-thumb-תוכניות טבע.png</thumb>
		<action>ActivateWindow(10025,&quot;plugin://plugin.video.kodisraelnature/?action=main_list&amp;title=%D7%AA%D7%95%D7%9B%D7%A0%D7%99%D7%95%D7%AA+%D7%98%D7%91%D7%A2&amp;url=%3Fpid%3DPLFw7KwIWHNB3pZp-qwM9jHP1GwGI4keWC%26start-index%3D1%26max-results%3D30&amp;thumbnail=&amp;plot=&quot;,return)</action>
	</shortcut>
	<shortcut>
		<defaultID/>
		<label>סדרות דוקו</label>
		<label2>הרחבת וידאו</label2>
		<icon>DefaultShortcut.png</icon>
		<thumb>special://profile/addon_data/script.skinshortcuts/skin.eminence.zeev-thumb-סדרות דוקו.png</thumb>
		<action>ActivateWindow(10025,&quot;plugin://plugin.video.movixws/?url=http%3A%2F%2Fwww.movix.me%2Fgenres%2FDocumentary&amp;mode=2&amp;name=Documentary+-+%D7%93%D7%95%D7%A7%D7%95%D7%9E%D7%A0%D7%98%D7%A8%D7%99&amp;iconimage=http%3A%2F%2Ficons.iconarchive.com%2Ficons%2Faaron-sinuhe%2Ftv-movie-folder%2F512%2FDocumentaries-National-Geographic-icon.png&amp;description=&quot;,return)</action>
	</shortcut>
	<shortcut>
		<defaultID>653</defaultID>
		<label>653</label>
		<label2>Episode Hub Shortcut</label2>
		<icon>special://skin/extras/icons/update.png</icon>
		<thumb/>
		<action>UpdateLibrary(video)</action>
	</shortcut>
	<shortcut>
		<defaultID>135</defaultID>
		<label>135</label>
		<label2>Episode Hub Shortcut</label2>
		<icon>special://skin/extras/icons/genre.png</icon>
		<thumb/>
		<action>ActivateWindow(Videos,TvShowGenres,return)</action>
	</shortcut>
	<shortcut>
		<defaultID>20388</defaultID>
		<label>20388</label>
		<label2>Episode Hub Shortcut</label2>
		<icon>special://skin/extras/icons/director.png</icon>
		<thumb/>
		<action>ActivateWindow(Videos,TvShowStudios,return)</action>
	</shortcut>
	<shortcut>
		<defaultID>344</defaultID>
		<label>344</label>
		<label2>Episode Hub Shortcut</label2>
		<icon>special://skin/extras/icons/actor.png</icon>
		<thumb/>
		<action>ActivateWindow(Videos,TvShowActors,return)</action>
	</shortcut>
	<shortcut>
		<defaultID>652</defaultID>
		<label>652</label>
		<label2>Episode Hub Shortcut</label2>
		<icon>special://skin/extras/icons/year.png</icon>
		<thumb/>
		<action>ActivateWindow(Videos,TvShowYears,return)</action>
	</shortcut>
	<shortcut>
		<defaultID>136</defaultID>
		<label>136</label>
		<label2>Episode Hub Shortcut</label2>
		<icon>special://skin/extras/icons/playlist.png</icon>
		<thumb/>
		<action>ActivateWindow(videos,special://videoplaylists/,return)</action>
	</shortcut>
	<shortcut>
		<defaultID>1214</defaultID>
		<label>1214</label>
		<label2>Episode Hub Shortcut</label2>
		<icon>special://skin/extras/icons/files.png</icon>
		<thumb/>
		<action>ActivateWindow(Videos,Files,return)</action>
	</shortcut>
	<shortcut>
		<defaultID>24001</defaultID>
		<label>24001</label>
		<label2>Episode Hub Shortcut</label2>
		<icon>special://skin/extras/icons/addons.png</icon>
		<thumb/>
		<action>ActivateWindow(videos,addons://sources/video/,return)</action>
	</shortcut>
</shortcuts>