<?xml version="1.0" encoding="utf-8"?><shortcuts>
	<shortcut>
		<defaultID>20342</defaultID>
		<label>קיר סרטים</label>
		<label2>Movie Hub Shortcut</label2>
		<icon>special://skin/extras/icons/film.png</icon>
		<thumb>special://profile/addon_data/script.skinshortcuts/skin.eminence.zeev-thumb-20342.png</thumb>
		<action>ActivateWindow(Videos,MovieTitles,return)</action>
	</shortcut>
	<shortcut>
		<defaultID/>
		<label>סרטי גנסיס </label>
		<label2>הרחבת וידאו</label2>
		<icon>DefaultShortcut.png</icon>
		<thumb>special://profile/addon_data/script.skinshortcuts/skin.eminence.zeev-thumb-סרטי גנסיס.png</thumb>
		<action>ActivateWindow(10025,&quot;plugin://plugin.video.genesis/?action=movies&amp;url=popular&quot;,return)</action>
	</shortcut>
	<shortcut>
		<defaultID>plugin.video.pulsar/movies/popular</defaultID>
		<label>סרטי פולסר</label>
		<label2>הרחבת וידאו</label2>
		<icon>DefaultShortcut.png</icon>
		<thumb>special://profile/addon_data/script.skinshortcuts/skin.eminence.zeev-thumb-plugin.video.pulsar-movies-popular.png</thumb>
		<action>ActivateWindow(10025,&quot;plugin://plugin.video.pulsar/movies/popular&quot;,return)</action>
	</shortcut>
	<shortcut>
		<defaultID/>
		<label>סרטי SALTS</label>
		<label2>הרחבת וידאו</label2>
		<icon>DefaultShortcut.png</icon>
		<thumb>special://profile/addon_data/script.skinshortcuts/skin.eminence.zeev-thumb-סרטי SALTS.png</thumb>
		<action>ActivateWindow(10025,&quot;plugin://plugin.video.salts/?section=Movies&amp;mode=popular&quot;,return)</action>
	</shortcut>
	<shortcut>
		<defaultID/>
		<label>סרטי Kmedia</label>
		<label2>הרחבת וידאו</label2>
		<icon>DefaultShortcut.png</icon>
		<thumb>image://C%3a%5cUsers%5cNatan%5cAppData%5cRoaming%5cKodi%5caddons%5cplugin.video.kmediatorrent%5cicon.png/</thumb>
		<action>ActivateWindow(10025,&quot;plugin://plugin.video.kmediatorrent/kat/browse/movies/1/seeders/desc?content_type=movies&quot;,return)</action>
	</shortcut>
	<shortcut>
		<defaultID/>
		<label>סרטים בתלת מימד</label>
		<label2>הרחבת וידאו</label2>
		<icon>DefaultShortcut.png</icon>
		<thumb>special://profile/addon_data/script.skinshortcuts/skin.eminence.zeev-thumb-סרטים בתלת מימד.png</thumb>
		<action>ActivateWindow(10025,&quot;plugin://plugin.video.kmediatorrent/kat/search?query=category%3A3d-movies&amp;sort_field=seeders&amp;sort_order=desc&amp;content_type=movies&quot;,return)</action>
	</shortcut>
	<shortcut>
		<defaultID/>
		<label>סרטים ישראלים</label>
		<label2>הרחבת וידאו</label2>
		<icon>DefaultShortcut.png</icon>
		<thumb>special://profile/addon_data/script.skinshortcuts/skin.eminence.zeev-thumb-סרטים ישראלים.png</thumb>
		<action>ActivateWindow(10025,&quot;plugin://plugin.video.movixws/?url=http%3A%2F%2Fwww.movix.me%2Fgenres%2Fisraeli&amp;mode=2&amp;name=Israeli+-+%D7%99%D7%A9%D7%A8%D7%90%D7%9C%D7%99&amp;iconimage=http%3A%2F%2Fupload.wikimedia.org%2Fwikipedia%2Fcommons%2Fthumb%2Fd%2Fd4%2FFlag_of_Israel.svg%2F250px-Flag_of_Israel.svg.png&amp;description=&quot;,return)</action>
	</shortcut>
	<shortcut>
		<defaultID>137</defaultID>
		<label>חיפוש בקיר</label>
		<label2>Movie Hub Shortcut</label2>
		<icon>special://skin/extras/icons/search.png</icon>
		<thumb/>
		<action>RunScript(script.globalsearch,tvshows=true&amp;episodes=true&amp;movies=true)</action>
	</shortcut>
	<shortcut>
		<defaultID>31100</defaultID>
		<label>$SKIN[31100|skin.eminence.zeev|נוספו לאחרונה]</label>
		<label2>Movie Hub Shortcut</label2>
		<icon>special://skin/extras/icons/recentlyadded.png</icon>
		<thumb/>
		<action>ActivateWindow(Videos,RecentlyAddedMovies,return)</action>
	</shortcut>
	<shortcut>
		<defaultID>31101</defaultID>
		<label>$SKIN[31101|skin.eminence.zeev|פרטים]</label>
		<label2>Movie Hub Shortcut</label2>
		<icon>special://skin/extras/icons/recent.png</icon>
		<thumb/>
		<action>ActivateWindow(Videos,C:\Users\ZEEV\AppData\Roaming\Kodi\addons\skin.eminence.zeev\extras/playlists/RecentMovies.xsp,return)</action>
	</shortcut>
	<shortcut>
		<defaultID>135</defaultID>
		<label>135</label>
		<label2>Movie Hub Shortcut</label2>
		<icon>special://skin/extras/icons/genre.png</icon>
		<thumb/>
		<action>ActivateWindow(Videos,MovieGenres,return)</action>
	</shortcut>
	<shortcut>
		<defaultID>20348</defaultID>
		<label>20348</label>
		<label2>Movie Hub Shortcut</label2>
		<icon>special://skin/extras/icons/director.png</icon>
		<thumb/>
		<action>ActivateWindow(Videos,MovieDirectors,return)</action>
	</shortcut>
	<shortcut>
		<defaultID>344</defaultID>
		<label>344</label>
		<label2>Movie Hub Shortcut</label2>
		<icon>special://skin/extras/icons/actor.png</icon>
		<thumb/>
		<action>ActivateWindow(Videos,MovieActors,return)</action>
	</shortcut>
	<shortcut>
		<defaultID>20434</defaultID>
		<label>20434</label>
		<label2>Movie Hub Shortcut</label2>
		<icon>special://skin/extras/icons/year.png</icon>
		<thumb/>
		<action>ActivateWindow(Videos,MovieSets,return)</action>
	</shortcut>
	<shortcut>
		<defaultID>136</defaultID>
		<label>136</label>
		<label2>Movie Hub Shortcut</label2>
		<icon>special://skin/extras/icons/playlist.png</icon>
		<thumb/>
		<action>ActivateWindow(videos,special://videoplaylists/,return)</action>
	</shortcut>
	<shortcut>
		<defaultID>1214</defaultID>
		<label>1214</label>
		<label2>Movie Hub Shortcut</label2>
		<icon>special://skin/extras/icons/files.png</icon>
		<thumb/>
		<action>ActivateWindow(Videos,Files,return)</action>
	</shortcut>
	<shortcut>
		<defaultID>24001</defaultID>
		<label>24001</label>
		<label2>Movie Hub Shortcut</label2>
		<icon>special://skin/extras/icons/addons.png</icon>
		<thumb/>
		<action>ActivateWindow(videos,addons://sources/video/,return)</action>
	</shortcut>
	<shortcut>
		<defaultID>653</defaultID>
		<label>653</label>
		<label2>Movie Hub Shortcut</label2>
		<icon>special://skin/extras/icons/update.png</icon>
		<thumb/>
		<action>UpdateLibrary(video)</action>
	</shortcut>
</shortcuts>