<?xml version="1.0" encoding="utf-8"?><shortcuts>
	<shortcut>
		<defaultID>1037</defaultID>
		<label>1037</label>
		<label2>וידאו</label2>
		<icon>DefaultAddonVideo.png</icon>
		<thumb/>
		<action>ActivateWindow(Videos,Addons,return)</action>
	</shortcut>
	<shortcut>
		<defaultID>20077</defaultID>
		<label>20077</label>
		<label2>הגדרות</label2>
		<icon>special://skin/extras/icons/year.png</icon>
		<thumb/>
		<action>ActivateWindow(SkinSettings)</action>
	</shortcut>
	<shortcut>
		<defaultID>7</defaultID>
		<label>7</label>
		<label2>Common menu item</label2>
		<icon>DefaultFolder.png</icon>
		<thumb/>
		<action>ActivateWindow(FileManager)</action>
	</shortcut>
	<shortcut>
		<defaultID>10007</defaultID>
		<label>10007</label>
		<label2>Common menu item</label2>
		<icon>special://skin/extras/icons/sysinfo.png</icon>
		<thumb/>
		<action>ActivateWindow(SystemInfo)</action>
	</shortcut>
</shortcuts>