<?xml version="1.0" encoding="utf-8"?><shortcuts>
	<shortcut>
		<defaultID/>
		<label>ערוצי חדשות</label>
		<label2>הרחבת וידאו</label2>
		<icon>DefaultShortcut.png</icon>
		<thumb>special://profile/addon_data/script.skinshortcuts/skin.eminence.zeev-thumb-ערוצי חדשות.png</thumb>
		<action>ActivateWindow(VideoLibrary,&quot;plugin://plugin.video.anarchitv/?url=%D7%99%D7%A9%D7%A8%D7%90%D7%9C&amp;mode=62&amp;name=%5BCOLOR+royalblue%5D%5BB%5D%D7%99%D7%A9%D7%A8%D7%90%D7%9C+%7C+Israel%5B%2FB%5D%5B%2FCOLOR%5D&amp;iconimage=C%3A%5CUsers%5Csdrumer%5CAppData%5CRoaming%5CKodi%5Caddons%5Cplugin.video.anarchitv%5Cresources%2Ficons%2F%2Fisrael.png&quot;,return)</action>
	</shortcut>
	<shortcut>
		<defaultID/>
		<label>תכניות ערוץ-10</label>
		<label2>הרחבת וידאו</label2>
		<icon>DefaultShortcut.png</icon>
		<thumb>special://profile/addon_data/script.skinshortcuts/skin.eminence.zeev-thumb-תכניות ערוץ-10.png</thumb>
		<action>ActivateWindow(VideoLibrary,&quot;plugin://plugin.video.ilten/?category=1945&quot;,return)</action>
	</shortcut>
	<shortcut>
		<defaultID/>
		<label>תוכניות-קשת</label>
		<label2>הרחבת וידאו</label2>
		<icon>DefaultShortcut.png</icon>
		<thumb>special://profile/addon_data/script.skinshortcuts/skin.eminence.zeev-thumb-תוכניות-קשת.png</thumb>
		<action>ActivateWindow(VideoLibrary,&quot;plugin://plugin.video.MakoTV/?url=http%3A%2F%2Fwww.mako.co.il%2Fmako-vod-index&amp;mode=0&amp;name=%D7%AA%D7%9B%D7%A0%D7%99%D7%95%D7%AA+MakoTV&amp;iconimage=http://img.mako.co.il/2010/08/11/mako%20vod%20c.jpg&quot;,return)</action>
	</shortcut>
	<shortcut>
		<defaultID/>
		<label>תוכניות-רשת</label>
		<label2>הרחבת וידאו</label2>
		<icon>DefaultShortcut.png</icon>
		<thumb>special://profile/addon_data/script.skinshortcuts/skin.eminence.zeev-thumb-תוכניות-רשת.png</thumb>
		<action>ActivateWindow(VideoLibrary,&quot;plugin://plugin.video.reshet.video/?category=14830&quot;,return)</action>
	</shortcut>
	<shortcut>
		<defaultID>plugin.video.wallaNew.video</defaultID>
		<label>תוכניות-yes</label>
		<label2>הרחבת וידאו</label2>
		<icon>DefaultShortcut.png</icon>
		<thumb>special://profile/addon_data/script.skinshortcuts/skin.eminence.zeev-thumb-plugin.video.wallaNew.video.png</thumb>
		<action>ActivateWindow(VideoLibrary,&quot;plugin://plugin.video.wallaNew.video&quot;,return)</action>
	</shortcut>
	<shortcut>
		<defaultID/>
		<label>דוקו - yes</label>
		<label2>הרחבת וידאו</label2>
		<icon>DefaultShortcut.png</icon>
		<thumb>special://profile/addon_data/script.skinshortcuts/skin.eminence.zeev-thumb-דוקו - yes.png</thumb>
		<action>ActivateWindow(VideoLibrary,&quot;plugin://plugin.video.sdarot.tv/?url=all-heb&amp;mode=2&amp;name=דוקומנטרי&amp;summary=&amp;module=http%3A%2F%2Fwww.sdarot.wf%2Fseries%2Fgenre%2F9%D7%93%D7%95%D7%A7%D7%95%D7%9E%D7%A0%D7%98%D7%A8%D7%99&quot;,return)</action>
	</shortcut>
	<shortcut>
		<defaultID>plugin.video.KIDSIL</defaultID>
		<label>ילדים-חנוכי</label>
		<label2>הרחבת וידאו</label2>
		<icon>DefaultShortcut.png</icon>
		<thumb>special://profile/addon_data/script.skinshortcuts/skin.eminence.zeev-thumb-plugin.video.KIDSIL.png</thumb>
		<action>ActivateWindow(VideoLibrary,&quot;plugin://plugin.video.KIDSIL&quot;,return)</action>
	</shortcut>
	<shortcut>
		<defaultID/>
		<label>תוכניות-Hot</label>
		<label2>הרחבת וידאו</label2>
		<icon>DefaultShortcut.png</icon>
		<thumb>special://profile/addon_data/script.skinshortcuts/skin.eminence.zeev-thumb-תוכניות-Hot.png</thumb>
		<action>ActivateWindow(VideoLibrary,&quot;plugin://plugin.video.hotVOD.video/?url=http%3A%2F%2Fhot.ynet.co.il%2F&amp;mode=5&amp;name=תוכניות&quot;,return)</action>
	</shortcut>
	<shortcut>
		<defaultID/>
		<label>תוכניות טבע</label>
		<label2>הרחבת וידאו</label2>
		<icon>DefaultShortcut.png</icon>
		<thumb>special://profile/addon_data/script.skinshortcuts/skin.eminence.zeev-thumb-תוכניות טבע.png</thumb>
		<action>ActivateWindow(VideoLibrary,&quot;plugin://plugin.video.kodisraelnature/?action=main_list&amp;title=%D7%AA%D7%95%D7%9B%D7%A0%D7%99%D7%95%D7%AA+%D7%98%D7%91%D7%A2&amp;url=%3Fpid%3DPLFw7KwIWHNB3pZp-qwM9jHP1GwGI4keWC%26start-index%3D1%26max-results%3D30&amp;thumbnail=&amp;plot=&quot;,return)</action>
	</shortcut>
	<shortcut>
		<defaultID/>
		<label>תוכניות בישול</label>
		<label2>הרחבת וידאו</label2>
		<icon>DefaultShortcut.png</icon>
		<thumb>special://profile/addon_data/script.skinshortcuts/skin.eminence.zeev-thumb-תוכניות בישול.png</thumb>
		<action>ActivateWindow(VideoLibrary,&quot;plugin://plugin.video.sdarot.tv/?url=all-heb&amp;mode=2&amp;name=אוכל&amp;summary=&amp;module=http%3A%2F%2Fwww.sdarot.wf%2Fseries%2Fgenre%2F33%D7%90%D7%95%D7%9B%D7%9C&quot;,return)</action>
	</shortcut>
	<shortcut>
		<defaultID>plugin.video.meta/movies/genre/37/1</defaultID>
		<label>סרטי מערבונים</label>
		<label2>הרחבת וידאו</label2>
		<icon>DefaultShortcut.png</icon>
		<thumb>special://profile/addon_data/script.skinshortcuts/skin.eminence.zeev-thumb-plugin.video.meta-movies-genre-37-1.png</thumb>
		<action>ActivateWindow(VideoLibrary,&quot;plugin://plugin.video.meta/movies/genre/37/1&quot;,return)</action>
	</shortcut>
	<shortcut>
		<defaultID/>
		<label>סרטי תלת-ממד</label>
		<label2>הרחבת וידאו</label2>
		<icon>DefaultShortcut.png</icon>
		<thumb>special://profile/addon_data/script.skinshortcuts/skin.eminence.zeev-thumb-סרטי תלת-ממד.png</thumb>
		<action>ActivateWindow(VideoLibrary,&quot;plugin://plugin.video.AK-47/?url=http%3A%2F%2Fhitflix.tv%2Faddon%2Fmov%2Fcf%2Ffor%2F3d.xml&amp;mode=1&amp;name=%5BCOLOR+limegreen%5D%5BB%5D3D+MOVIES%5B%2FB%5D%5B%2FCOLOR%5D&amp;fanart=http%3A%2F%2Fs9.postimg.org%2Fqzvorcwz3%2Ffan.jpg&quot;,return)</action>
	</shortcut>
	<shortcut>
		<defaultID>plugin.video.youtube/kodion/search/list/</defaultID>
		<label>יוטיוב - חיפוש</label>
		<label2>הרחבת וידאו</label2>
		<icon>DefaultShortcut.png</icon>
		<thumb>special://profile/addon_data/script.skinshortcuts/skin.eminence.zeev-thumb-plugin.video.youtube-kodion-search-list-.png</thumb>
		<action>ActivateWindow(VideoLibrary,&quot;plugin://plugin.video.youtube/kodion/search/list/&quot;,return)</action>
	</shortcut>
	<shortcut>
		<defaultID/>
		<label>דוקומנטרי</label>
		<label2>הרחבת וידאו</label2>
		<icon>DefaultShortcut.png</icon>
		<thumb>special://profile/addon_data/script.skinshortcuts/skin.eminence.zeev-thumb-דוקומנטרי.png</thumb>
		<action>ActivateWindow(VideoLibrary,&quot;plugin://plugin.video.anarchitv/?url=documentary&amp;mode=54&amp;name=%5BCOLOR+royalblue%5D%5BB%5D%D7%93%D7%95%D7%A7%D7%95%D7%9E%D7%A0%D7%98%D7%A8%D7%99+%7C+Documentary%5B%2FB%5D%5B%2FCOLOR%5D&amp;iconimage=C%3A%5CUsers%5Csdrumer%5CAppData%5CRoaming%5CKodi%5Caddons%5Cplugin.video.anarchitv%5Cresources%2Ficons%2F%2Fdocumentary.png&quot;,return)</action>
	</shortcut>
	<shortcut>
		<defaultID/>
		<label>רדיו</label>
		<label2>הרחבת וידאו</label2>
		<icon>DefaultShortcut.png</icon>
		<thumb>special://profile/addon_data/script.skinshortcuts/skin.eminence.zeev-thumb-רדיו.png</thumb>
		<action>ActivateWindow(VideoLibrary,&quot;plugin://plugin.video.anarchitv/?url=%D7%A8%D7%93%D7%99%D7%95&amp;mode=61&amp;name=%5BCOLOR+royalblue%5D%5BB%5D%D7%A8%D7%93%D7%99%D7%95+%7C+Radio%5B%2FB%5D%5B%2FCOLOR%5D&amp;iconimage=C%3A%5CUsers%5Csdrumer%5CAppData%5CRoaming%5CKodi%5Caddons%5Cplugin.video.anarchitv%5Cresources%2Ficons%2F%2Fradio.png&quot;,return)</action>
	</shortcut>
	<shortcut>
		<defaultID>plugin.video.israelsports</defaultID>
		<label>ספורט</label>
		<label2>הרחבת וידאו</label2>
		<icon>DefaultShortcut.png</icon>
		<thumb>special://profile/addon_data/script.skinshortcuts/skin.eminence.zeev-thumb-plugin.video.israelsports.png</thumb>
		<action>ActivateWindow(VideoLibrary,&quot;plugin://plugin.video.israelsports&quot;,return)</action>
	</shortcut>
	<shortcut>
		<defaultID>plugin.video.kissanime</defaultID>
		<label>סדרות אנימה</label>
		<label2>הרחבת וידאו</label2>
		<icon>DefaultShortcut.png</icon>
		<thumb>special://profile/addon_data/script.skinshortcuts/skin.eminence.zeev-thumb-plugin.video.kissanime.png</thumb>
		<action>ActivateWindow(VideoLibrary,&quot;plugin://plugin.video.kissanime&quot;,return)</action>
	</shortcut>
</shortcuts>