<?xml version="1.0" encoding="utf-8"?><shortcuts>
	<shortcut>
		<defaultID>22020</defaultID>
		<label>22020</label>
		<label2>טלוויזיה חיה</label2>
		<icon>DefaultTVShows.png</icon>
		<thumb/>
		<action>ActivateWindow(TVGuide)</action>
	</shortcut>
	<shortcut>
		<defaultID>137</defaultID>
		<label>137</label>
		<label2>טלוויזיה חיה</label2>
		<icon>DefaultTVShows.png</icon>
		<thumb/>
		<action>ActivateWindow(TVSearch)</action>
	</shortcut>
	<shortcut>
		<defaultID/>
		<label>האח הגדול</label>
		<label2>Custom item</label2>
		<icon>DefaultShortcut.png</icon>
		<thumb>special://profile/addon_data/script.skinshortcuts/skin.eminence.zeev-thumb-האח הגדול.png</thumb>
		<action>PlayMedia(&quot;plugin://plugin.video.anarchitv/?url=plugin%3A%2F%2Fplugin.video.youtube%2Fplay%2F%3Fvideo_id%3DmK0sY29ZzXo&amp;mode=1&amp;name=%5BCOLOR+orange%5D%D7%94%D7%90%D7%97+%D7%94%D7%92%D7%93%D7%95%D7%9C+-+%D7%9E%D7%94%D7%94%D7%A8%D7%97%D7%91%D7%94+%D7%91%D7%9C%D7%91%D7%93%5B%2FCOLOR%5D+%5BCOLOR+blue%5D+%5B%5B%2FCOLOR%5D%5BCOLOR+red%5D%D7%99%D7%A9%D7%A8%D7%90%D7%9C%D7%99%5B%2FCOLOR%5D%5BCOLOR+blue%5D%5D%5B%2FCOLOR%5D&amp;iconimage=http%3A%2F%2Fanarchitv.co%2FTV%2FLogos%2FBigBrother.png&quot;,return)</action>
	</shortcut>
</shortcuts>