<?xml version="1.0" encoding="utf-8"?><shortcuts>
	<shortcut>
		<defaultID>power</defaultID>
		<label>33060</label>
		<label2>Common Shortcut</label2>
		<icon>special://skin/extras/icons/power.png</icon>
		<thumb>special://profile/addon_data/script.skinshortcuts/skin.eminence.zeev-thumb-power.png</thumb>
		<action>ActivateWindow(shutdownmenu)</action>
	</shortcut>
	<shortcut>
		<defaultID>settings</defaultID>
		<label>10004</label>
		<label2>Common Shortcut</label2>
		<icon>special://skin/extras/icons/settings.png</icon>
		<thumb>special://profile/addon_data/script.skinshortcuts/skin.eminence.zeev-thumb-settings.png</thumb>
		<action>ActivateWindow(Settings)</action>
	</shortcut>
	<shortcut>
		<defaultID>1037</defaultID>
		<label>1037</label>
		<label2>item</label2>
		<icon>DefaultAddonVideo.png</icon>
		<thumb>special://profile/addon_data/script.skinshortcuts/skin.eminence.zeev-thumb-1037.png</thumb>
		<action>ActivateWindow(Videos,addons://sources/video/,return)</action>
	</shortcut>
	<shortcut>
		<defaultID/>
		<label>מבוגרים</label>
		<label2>Custom item</label2>
		<icon>DefaultShortcut.png</icon>
		<thumb>special://skin/extras/icons/sex.png</thumb>
		<action>ActivateWindow(1104)</action>
	</shortcut>
	<shortcut>
		<defaultID>pictures</defaultID>
		<label>ישראלי Vod</label>
		<label2>Custom shortcut</label2>
		<icon>special://skin/extras/icons/pictures.png</icon>
		<thumb>special://skin/extras/icons/vod.png</thumb>
		<action>ActivateWindow(1103)</action>
	</shortcut>
	<shortcut>
		<defaultID/>
		<label>פרמיום</label>
		<label2>Custom item</label2>
		<icon>DefaultShortcut.png</icon>
		<thumb>special://profile/addon_data/script.skinshortcuts/skin.eminence.zeev-thumb-פרמיום.png</thumb>
		<action>ActivateWindow(1109)</action>
	</shortcut>
	<shortcut>
		<defaultID/>
		<label>ילדים</label>
		<label2>Custom shortcut</label2>
		<icon>DefaultShortcut.png</icon>
		<thumb>special://profile/addon_data/script.skinshortcuts/skin.eminence.zeev-thumb-ילדים.png</thumb>
		<action>ActivateWindow(1107)</action>
	</shortcut>
	<shortcut>
		<defaultID/>
		<label>[COLOR royalblue][B]ישראל | Israel[/B][/COLOR]</label>
		<label2>הרחבת וידאו</label2>
		<icon>DefaultShortcut.png</icon>
		<thumb>special://profile/addon_data/script.skinshortcuts/skin.eminence.zeev-thumb-[COLOR royalblue][B]ישראל  Israel[-B][-COLOR].png</thumb>
		<action>ActivateWindow(VideoLibrary,&quot;plugin://plugin.video.anarchitv/?url=%D7%99%D7%A9%D7%A8%D7%90%D7%9C&amp;mode=62&amp;name=%5BCOLOR+royalblue%5D%5BB%5D%D7%99%D7%A9%D7%A8%D7%90%D7%9C+%7C+Israel%5B%2FB%5D%5B%2FCOLOR%5D&amp;iconimage=%2Fstorage%2F.kodi%2Faddons%2Fplugin.video.anarchitv%2Fresources%2Ficons%2F%2Fisrael.png&quot;,return)</action>
	</shortcut>
	<shortcut>
		<defaultID>music</defaultID>
		<label>2</label>
		<label2>Custom shortcut</label2>
		<icon>special://skin/extras/icons/songs.png</icon>
		<thumb>special://profile/addon_data/script.skinshortcuts/skin.eminence.zeev-thumb-music.png</thumb>
		<action>ActivateWindow(1106)</action>
	</shortcut>
	<shortcut>
		<defaultID>x1102</defaultID>
		<label>20343</label>
		<label2>Hub 1102</label2>
		<icon>special://skin/extras/icons/tv.png</icon>
		<thumb>special://profile/addon_data/script.skinshortcuts/skin.eminence.zeev-thumb-x1102.png</thumb>
		<action>ActivateWindow(1102)</action>
	</shortcut>
	<shortcut>
		<defaultID>plugin.video.meta/movies/search</defaultID>
		<label>סרטים חיפוש</label>
		<label2>הרחבת וידאו</label2>
		<icon>DefaultShortcut.png</icon>
		<thumb>special://profile/addon_data/script.skinshortcuts/skin.eminence.zeev-thumb-plugin.video.meta-movies-search.png</thumb>
		<action>ActivateWindow(VideoLibrary,&quot;plugin://plugin.video.meta/movies/search&quot;,return)</action>
	</shortcut>
	<shortcut>
		<defaultID/>
		<label>סמי הכבאי</label>
		<label2>הרחבת וידאו</label2>
		<icon>DefaultShortcut.png</icon>
		<thumb>special://profile/addon_data/script.skinshortcuts/skin.eminence.zeev-thumb-סמי הכבאי.jpg</thumb>
		<action>ActivateWindow(VideoLibrary,&quot;plugin://plugin.video.youtube/kodion/search/query/?q=%D7%A1%D7%9E%D7%99+%D7%94%D7%9B%D7%91%D7%90%D7%99&quot;,return)</action>
	</shortcut>
	<shortcut>
		<defaultID>plugin.video.youtube/kodion/search/list/</defaultID>
		<label>Youtube</label>
		<label2>הרחבת וידאו</label2>
		<icon>DefaultShortcut.png</icon>
		<thumb>special://profile/addon_data/script.skinshortcuts/skin.eminence.zeev-thumb-plugin.video.youtube-kodion-search-list-.png</thumb>
		<action>ActivateWindow(VideoLibrary,&quot;plugin://plugin.video.youtube/kodion/search/list/&quot;,return)</action>
	</shortcut>
	<shortcut>
		<defaultID>x1101</defaultID>
		<label>20342</label>
		<label2>Hub 1101</label2>
		<icon>special://skin/extras/icons/film.png</icon>
		<thumb>special://skin/extras/icons/</thumb>
		<action>ActivateWindow(1101)</action>
	</shortcut>
</shortcuts>