<?xml version="1.0" encoding="utf-8"?><shortcuts>
	<shortcut>
		<defaultID>plugin.video.youtube/kodion/search/list/</defaultID>
		<label>חיפוש</label>
		<label2>הרחבת וידאו</label2>
		<icon>DefaultShortcut.png</icon>
		<thumb>image://C%3a%5cUsers%5cNatan%5cAppData%5cRoaming%5cKodi%5caddons%5cplugin.video.youtube%5cresources%5cmedia%5csearch.png/</thumb>
		<action>ActivateWindow(10025,&quot;plugin://plugin.video.youtube/kodion/search/list/&quot;,return)</action>
	</shortcut>
	<shortcut>
		<defaultID/>
		<label>סמי הכבאי</label>
		<label2>הרחבת וידאו</label2>
		<icon>DefaultShortcut.png</icon>
		<thumb>special://profile/addon_data/script.skinshortcuts/skin.eminence.zeev-thumb-סמי הכבאי.png</thumb>
		<action>ActivateWindow(VideoLibrary,&quot;plugin://plugin.video.youtube/kodion/search/query/?q=%D7%A1%D7%9E%D7%99+%D7%94%D7%9B%D7%91%D7%90%D7%99&quot;,return)</action>
	</shortcut>
</shortcuts>