<?xml version="1.0" encoding="utf-8"?><shortcuts>
	<shortcut>
		<defaultID/>
		<label>Exodus - אקסודוס</label>
		<label2>Custom item</label2>
		<icon>DefaultShortcut.png</icon>
		<thumb>special://skin/extras/icons/Exodus.png</thumb>
		<action>ActivateWindow(VideoLibrary,&quot;plugin://plugin.video.exodus&quot;,return)</action>
	</shortcut>
	<shortcut>
		<defaultID/>
		<label>Genesis Specto</label>
		<label2>Custom shortcut</label2>
		<icon>DefaultShortcut.png</icon>
		<thumb>special://skin/extras/icons/Genesis_Specto.png</thumb>
		<action>ActivateWindow(10025,&quot;plugin://plugin.video.specto&quot;,return)</action>
	</shortcut>
	<shortcut>
		<defaultID/>
		<label>Salts</label>
		<label2>Custom shortcut</label2>
		<icon>DefaultShortcut.png</icon>
		<thumb>special://skin/extras/icons/Salt.png</thumb>
		<action>ActivateWindow(10025,&quot;plugin://plugin.video.salts&quot;,return)</action>
	</shortcut>
	<shortcut>
		<defaultID/>
		<label>Movie Mix</label>
		<label2>Custom item</label2>
		<icon>DefaultShortcut.png</icon>
		<thumb>special://profile/addon_data/script.skinshortcuts/skin.eminence.zeev-thumb-Movie Mix.png</thumb>
		<action>ActivateWindow(VideoLibrary,&quot;plugin://plugin.video.moviemix&quot;,return)</action>
	</shortcut>
	<shortcut>
		<defaultID/>
		<label>הרחבת סרטים - Ump</label>
		<label2>Custom item</label2>
		<icon>DefaultShortcut.png</icon>
		<thumb>special://skin/extras/icons/ump.png</thumb>
		<action>ActivateWindow(VideoLibrary,&quot;plugin://plugin.program.ump/?info=%7B%7D&amp;art=%7B%7D&amp;args=%7B%22sort%22%3A+%22num_votes%2Cdesc%22%2C+%22next_page%22%3A+%22results_title%22%2C+%22title_type%22%3A+%22feature%2Ctv_movie%2Cshort%22%2C+%22at%22%3A+%220%22%7D&amp;module=imdb&amp;content_type=video&amp;page=select_year&quot;,return)</action>
	</shortcut>
	<shortcut>
		<defaultID/>
		<label>Free Movies</label>
		<label2>Custom item</label2>
		<icon>DefaultShortcut.png</icon>
		<thumb>special://profile/addon_data/script.skinshortcuts/skin.eminence.zeev-thumb-Free Movies.png</thumb>
		<action>ActivateWindow(VideoLibrary,&quot;plugin://plugin.video.mdfm&quot;,return)</action>
	</shortcut>
	<shortcut>
		<defaultID/>
		<label>סרטים וסדרות בשפה הרוסית</label>
		<label2>Custom item</label2>
		<icon>DefaultShortcut.png</icon>
		<thumb>special://profile/addon_data/script.skinshortcuts/skin.eminence.zeev-thumb-סרטים וסדרות בשפה הרוסית.png</thumb>
		<action>ActivateWindow(VideoLibrary,&quot;plugin://plugin.video.zona.mobi.dev&quot;,return)</action>
	</shortcut>
	<shortcut>
		<defaultID/>
		<label>Titan</label>
		<label2>Custom item</label2>
		<icon>DefaultShortcut.png</icon>
		<thumb>special://profile/addon_data/script.skinshortcuts/skin.eminence.zeev-thumb-Titan.png</thumb>
		<action>ActivateWindow(VideoLibrary,&quot;plugin://plugin.video.titan/?url=https%3A%2F%2Farchive.org%2Fdownload%2Fhifimoviesdocs%2Fmain_page.xml&amp;mode=10&amp;name=HiFi+Lists&amp;iconimage=%2FUsers%2Faviabeksis%2FLibrary%2FApplication+Support%2FKodi%2Faddons%2Fplugin.video.titan%2Fart%2Fhifi.png&amp;description=&quot;,return)</action>
	</shortcut>
	<shortcut>
		<defaultID/>
		<label>סרטים באיכות 1080P</label>
		<label2>Custom item</label2>
		<icon>DefaultShortcut.png</icon>
		<thumb>special://skin/extras/icons/1080p.png</thumb>
		<action>ActivateWindow(VideoLibrary,&quot;plugin://plugin.video.watch1080&quot;,return)</action>
	</shortcut>
	<shortcut>
		<defaultID/>
		<label>חיפוש סרטים/סדרות</label>
		<label2>Custom item</label2>
		<icon>DefaultShortcut.png</icon>
		<thumb>special://profile/addon_data/script.skinshortcuts/skin.eminence.zeev-thumb-חיפוש סרטים-סדרות.png</thumb>
		<action>ActivateWindow(VideoLibrary,&quot;plugin://plugin.video.meta&quot;,return)</action>
	</shortcut>
	<shortcut>
		<defaultID/>
		<label>סרטים ישראליים</label>
		<label2>Custom item</label2>
		<icon>DefaultShortcut.png</icon>
		<thumb>special://skin/extras/icons/israel_movies.png</thumb>
		<action>ActivateWindow(VideoLibrary,&quot;plugin://plugin.video.Vodil/?url=PLnzhIyrsnB5YoU4U8xhoZLonjqmP6C6no&amp;mode=1&amp;name=%5BCOLOR+white%5D%5BB%5D%D7%A1%D7%A8%D7%98%D7%99%D7%9D+%D7%9E%D7%AA%D7%95%D7%A8%D7%92%D7%9E%D7%99%D7%9D%5B%2FB%5D%5B%2FCOLOR%5D&quot;,return)</action>
	</shortcut>
</shortcuts>