<?xml version="1.0" encoding="utf-8"?><shortcuts>
	<shortcut>
		<defaultID>plugin.video.phstreams</defaultID>
		<label>Phoenix</label>
		<label2>הרחבת וידאו</label2>
		<icon>DefaultShortcut.png</icon>
		<thumb>special://profile/addon_data/script.skinshortcuts/skin.eminence.zeev-thumb-plugin.video.phstreams.png</thumb>
		<action>ActivateWindow(VideoLibrary,&quot;plugin://plugin.video.phstreams&quot;,return)</action>
	</shortcut>
	<shortcut>
		<defaultID>plugin.video.movixws</defaultID>
		<label>Movix.me</label>
		<label2>הרחבת וידאו</label2>
		<icon>DefaultShortcut.png</icon>
		<thumb>special://profile/addon_data/script.skinshortcuts/skin.eminence.zeev-thumb-plugin.video.movixws.png</thumb>
		<action>ActivateWindow(VideoLibrary,&quot;plugin://plugin.video.movixws&quot;,return)</action>
	</shortcut>
</shortcuts>