<?xml version="1.0" encoding="utf-8"?><shortcuts>
	<shortcut>
		<defaultID>plugin.video.sdarot.tv</defaultID>
		<label>43765</label>
		<label2>הרחבת וידאו</label2>
		<icon>special://skin/extras/icons/ICONS/sdarot-tv v.3.png</icon>
		<thumb/>
		<action>ActivateWindow(10025,&quot;plugin://plugin.video.sdarot.tv&quot;,return)</action>
	</shortcut>
	<shortcut>
		<defaultID>plugin.video.MakoTV</defaultID>
		<label>43766</label>
		<label2>הרחבת וידאו</label2>
		<icon>special://skin/extras/icons/ICONS/2.png</icon>
		<thumb/>
		<action>ActivateWindow(10025,&quot;plugin://plugin.video.MakoTV/?url=http%3A%2F%2Fwww.mako.co.il%2Fmako-vod-index&amp;mode=0&amp;name=%D7%AA%D7%9B%D7%A0%D7%99%D7%95%D7%AA+MakoTV&amp;iconimage=http://img.mako.co.il/2010/08/11/mako%20vod%20c.jpg&quot;,return)</action>
	</shortcut>
	<shortcut>
		<defaultID>plugin.video.reshet.video</defaultID>
		<label>43767</label>
		<label2>הרחבת וידאו</label2>
		<icon>special://skin/extras/icons/ICONS/channel22.png</icon>
		<thumb>special://profile/addon_data/script.skinshortcuts/skin.eminence.zeev-thumb-plugin.video.reshet.video.png</thumb>
		<action>ActivateWindow(10025,&quot;plugin://plugin.video.reshet.video/?category=14830&quot;,return)</action>
	</shortcut>
	<shortcut>
		<defaultID>plugin.video.ilten</defaultID>
		<label>43768</label>
		<label2>הרחבת וידאו</label2>
		<icon>special://skin/extras/icons/ICONS/10b.png</icon>
		<thumb/>
		<action>ActivateWindow(10025,&quot;plugin://plugin.video.ilten/?category=1945&quot;,return)</action>
	</shortcut>
	<shortcut>
		<defaultID>plugin.video.IBA</defaultID>
		<label>43769</label>
		<label2>הרחבת וידאו</label2>
		<icon>special://skin/extras/icons/ICONS/1.png</icon>
		<thumb/>
		<action>ActivateWindow(10025,&quot;plugin://plugin.video.IBA&quot;,return)</action>
	</shortcut>
	<shortcut>
		<defaultID>plugin.video.hotVOD.video</defaultID>
		<label>Hot VOD</label>
		<label2>הרחבת וידאו</label2>
		<icon>DefaultShortcut.png</icon>
		<thumb>special://profile/addon_data/script.skinshortcuts/skin.eminence.zeev-thumb-plugin.video.hotVOD.video.png</thumb>
		<action>ActivateWindow(VideoLibrary,&quot;plugin://plugin.video.hotVOD.video&quot;,return)</action>
	</shortcut>
	<shortcut>
		<defaultID/>
		<label>43771</label>
		<label2>הרחבת וידאו</label2>
		<icon>special://skin/extras/icons/ICONS/s-up.png</icon>
		<thumb/>
		<action>ActivateWindow(10025,&quot;plugin://plugin.video.kodisraelstandup&quot;,return)</action>
	</shortcut>
	<shortcut>
		<defaultID/>
		<label>43770</label>
		<label2>הרחבת וידאו</label2>
		<icon>special://skin/extras/icons/ICONS/20b.png</icon>
		<thumb/>
		<action>ActivateWindow(10025,&quot;plugin://plugin.video.iltwenty&quot;,return)</action>
	</shortcut>
	<shortcut>
		<defaultID/>
		<label>43772</label>
		<label2>הרחבת וידאו</label2>
		<icon>special://skin/extras/icons/ICONS/documentary.png</icon>
		<thumb/>
		<action>ActivateWindow(10025,&quot;plugin://plugin.video.featherence.docu&quot;,return)</action>
	</shortcut>
</shortcuts>