<?xml version="1.0" encoding="utf-8"?><shortcuts>
	<shortcut>
		<defaultID/>
		<label>חיפוש ג'נסיס</label>
		<label2>הרחבת וידאו</label2>
		<icon>DefaultShortcut.png</icon>
		<thumb>special://profile/addon_data/script.skinshortcuts/skin.eminence.zeev-thumb-חיפוש ג'נסיס.jpg</thumb>
		<action>ActivateWindow(VideoLibrary,&quot;plugin://plugin.video.genesis/?action=movieSearch&quot;,return)</action>
	</shortcut>
	<shortcut>
		<defaultID/>
		<label>חיפוש פוניקס</label>
		<label2>הרחבת וידאו</label2>
		<icon>DefaultShortcut.png</icon>
		<thumb>special://profile/addon_data/script.skinshortcuts/skin.eminence.zeev-thumb-חיפוש פוניקס.png</thumb>
		<action>ActivateWindow(VideoLibrary,&quot;plugin://plugin.video.phstreams/?action=addSearch&quot;,return)</action>
	</shortcut>
	<shortcut>
		<defaultID/>
		<label>חיפוש the mutts nuts</label>
		<label2>הרחבת וידאו</label2>
		<icon>DefaultShortcut.png</icon>
		<thumb>special://profile/addon_data/script.skinshortcuts/skin.eminence.zeev-thumb-חיפוש the mutts nuts.png</thumb>
		<action>ActivateWindow(VideoLibrary,&quot;plugin://plugin.video.mutttsnutz/?url=http%3A%2F%2Fm.afdah.org&amp;mode=search&amp;name=%5BCOLOR+blue%5D%5BB%5DSEARCH%5B%2FB%5D%5B%2FCOLOR%5D&quot;,return)</action>
	</shortcut>
	<shortcut>
		<defaultID>plugin.video.meta/movies/search</defaultID>
		<label>חיפוש  M</label>
		<label2>הרחבת וידאו</label2>
		<icon>DefaultShortcut.png</icon>
		<thumb>special://profile/addon_data/script.skinshortcuts/skin.eminence.zeev-thumb-plugin.video.meta-movies-search.png</thumb>
		<action>ActivateWindow(VideoLibrary,&quot;plugin://plugin.video.meta/movies/search&quot;,return)</action>
	</shortcut>
</shortcuts>