<?xml version="1.0" encoding="utf-8"?><shortcuts>
	<shortcut>
		<label>133</label>
		<label2>32019</label2>
		<icon>DefaultMusicArtists.png</icon>
		<thumb/>
		<action>ActivateWindow(MusicLibrary,Artists,return)</action>
		<version>13</version>
	</shortcut>
	<shortcut>
		<label>133</label>
		<label2>32019</label2>
		<icon>DefaultMusicArtists.png</icon>
		<thumb/>
		<action>ActivateWindow(MusicLibrary,musicdb://artists/,return)</action>
		<version>15</version>
	</shortcut>
	<shortcut>
		<label>132</label>
		<label2>32019</label2>
		<icon>DefaultMusicAlbums.png</icon>
		<thumb/>
		<action>ActivateWindow(MusicLibrary,Albums,return)</action>
		<version>13</version>
	</shortcut>
	<shortcut>
		<label>132</label>
		<label2>32019</label2>
		<icon>DefaultMusicAlbums.png</icon>
		<thumb/>
		<action>ActivateWindow(MusicLibrary,musicdb://albums/,return)</action>
		<version>15</version>
	</shortcut>
	<shortcut>
		<label>134</label>
		<label2>32019</label2>
		<icon>DefaultMusicSongs.png</icon>
		<thumb/>
		<action>ActivateWindow(MusicLibrary,Songs,return)</action>
		<version>13</version>
	</shortcut>
	<shortcut>
		<label>134</label>
		<label2>32019</label2>
		<icon>DefaultMusicSongs.png</icon>
		<thumb/>
		<action>ActivateWindow(MusicLibrary,musicdb://songs/,return)</action>
		<version>15</version>
	</shortcut>
	<shortcut>
		<label>744</label>
		<label2>32019</label2>
		<icon>DefaultFolder.png</icon>
		<thumb/>
		<action>ActivateWindow(MusicFiles)</action>
		<version>13</version>
	</shortcut>
	<shortcut>
		<label>744</label>
		<label2>32019</label2>
		<icon>DefaultFolder.png</icon>
		<thumb/>
		<action>ActivateWindow(Music,Files,Return)</action>
		<version>16</version>
	</shortcut>
	<shortcut>
		<label>15100</label>
		<label2>32019</label2>
		<icon>DefaultFolder.png</icon>
		<thumb/>
		<action>ActivateWindow(MusicLibrary,MusicLibrary,return)</action>
	</shortcut>
	<shortcut>
		<label>1038</label>
		<label2>32019</label2>
		<icon>DefaultAddonMusic.png</icon>
		<thumb/>
		<action>ActivateWindow(MusicLibrary,Addons,return)</action>
	</shortcut>
</shortcuts>