<?xml version="1.0" encoding="utf-8"?><shortcuts>
	<shortcut>
		<defaultID/>
		<label>סרטים</label>
		<label2>Custom shortcut</label2>
		<icon>DefaultShortcut.png</icon>
		<thumb>special://skin/extras/icons/sex.png</thumb>
		<action>ActivateWindow(10025,&quot;plugin://plugin.video.uwc/?url=&amp;mode=3&amp;page=&amp;channel=None&amp;section=None&amp;name=%5BCOLOR+hotpink%5DWhitecream%5B%2FCOLOR%5D+%5BCOLOR+white%5DMovies%5B%2FCOLOR%5D&quot;,return)</action>
	</shortcut>
	<shortcut>
		<defaultID/>
		<label>מצלמות Web</label>
		<label2>Custom shortcut</label2>
		<icon>DefaultShortcut.png</icon>
		<thumb>special://skin/extras/icons/sex.png</thumb>
		<action>ActivateWindow(10025,&quot;plugin://plugin.video.uwc/?url=&amp;mode=7&amp;page=&amp;channel=None&amp;section=None&amp;name=%5BCOLOR+hotpink%5DWhitecream%5B%2FCOLOR%5D+%5BCOLOR+white%5DWebcams+%26+Streams%5B%2FCOLOR%5D&quot;,return)</action>
	</shortcut>
	<shortcut>
		<defaultID/>
		<label>כלים גדולים</label>
		<label2>Custom shortcut</label2>
		<icon>DefaultShortcut.png</icon>
		<thumb>special://skin/extras/icons/sex.png</thumb>
		<action>ActivateWindow(10025,&quot;plugin://plugin.video.uwc/?url=&amp;mode=6&amp;page=&amp;channel=None&amp;section=None&amp;name=%5BCOLOR+hotpink%5DWhitecream%5B%2FCOLOR%5D+%5BCOLOR+white%5DTubes%5B%2FCOLOR%5D&quot;,return)</action>
	</shortcut>
	<shortcut>
		<defaultID/>
		<label>כללי</label>
		<label2>Custom shortcut</label2>
		<icon>DefaultShortcut.png</icon>
		<thumb>special://skin/extras/icons/sex.png</thumb>
		<action>ActivateWindow(10025,&quot;plugin://plugin.video.uwc/?url=&amp;mode=2&amp;page=&amp;channel=None&amp;section=None&amp;name=%5BCOLOR+hotpink%5DWhitecream%5B%2FCOLOR%5D+%5BCOLOR+white%5DScenes%5B%2FCOLOR%5D&quot;,return)</action>
	</shortcut>
	<shortcut>
		<defaultID/>
		<label>מצויר</label>
		<label2>Custom shortcut</label2>
		<icon>DefaultShortcut.png</icon>
		<thumb>special://skin/extras/icons/sex.png</thumb>
		<action>ActivateWindow(10025,&quot;plugin://plugin.video.uwc/?url=http%3A%2F%2Fwww.hentaicraving.com%2F%3Fgenre%3DUncensored&amp;mode=30&amp;page=&amp;channel=None&amp;section=None&amp;name=%5BCOLOR+hotpink%5DWhitecream%5B%2FCOLOR%5D+%5BCOLOR+white%5DHentai%5B%2FCOLOR%5D&quot;,return)</action>
	</shortcut>
</shortcuts>