<?xml version="1.0" encoding="utf-8"?><shortcuts>
	<shortcut>
		<defaultID/>
		<label>ספורט 5</label>
		<label2>Custom item</label2>
		<icon>DefaultShortcut.png</icon>
		<thumb>special://skin/extras/icons/soccer.png</thumb>
		<action>PlayMedia(&quot;plugin://plugin.video.anarchitv/?url=http%3A%2F%2Fil-bi-s05.014.vidnt.com%3A1935%2Fsport5_LiveIsraelRepeat%2F_definst_%2Fsmil%3ALiveIsrael.smil%2Fmedia.m3u8&amp;mode=1&amp;name=%D7%A1%D7%A4%D7%95%D7%A8%D7%98+5+%D7%9E%D7%95%D7%91%D7%99%D7%99%D7%9C+%5BB%5D%5BCOLOR+lime%5D+%D7%99%D7%A9%D7%A8%D7%90%D7%9C+-+%5B%2FCOLOR%5D%5B%2FB%5D&amp;iconimage=http%3A%2F%2Fanarchitv.co%2FTV%2FLogos%2F5.png&quot;,return)</action>
	</shortcut>
	<shortcut>
		<defaultID/>
		<label>ESPN</label>
		<label2>Custom item</label2>
		<icon>DefaultShortcut.png</icon>
		<thumb>special://profile/addon_data/script.skinshortcuts/skin.eminence.zeev-thumb-ESPN.png</thumb>
		<action>PlayMedia(&quot;plugin://plugin.video.phstreams/?action=play&amp;url=%3Csublink%3Ehttp%3A%2F%2Fwww.wiz1.net%2Fwatchespn%3C%2Fsublink%3E%3Csublink%3Ehttp%3A%2F%2Ffirstrowfr.eu%2Fwatch%2F411011%2F1%2Fwatch-espn.html%3C%2Fsublink%3E%3Csublink%3Ehttp%3A%2F%2Ffirstrowfr.eu%2Fwatch%2F411011%2F2%2Fwatch-espn.html%3C%2Fsublink%3E%3Csublink%3Ehttp%3A%2F%2Fhdfree.tv%2Fwatch-espn-usa-live-stream.html%3C%2Fsublink%3E%3Csublink%3Ehttp%3A%2F%2Fgoatd.net%2F41255%2Fwatch-espn%3C%2Fsublink%3E%3Csublink%3Ehttp%3A%2F%2Fzunox.hk%2Fespnframe.html%3C%2Fsublink%3E&quot;,return)</action>
	</shortcut>
	<shortcut>
		<defaultID/>
		<label>פוקר</label>
		<label2>Custom item</label2>
		<icon>DefaultShortcut.png</icon>
		<thumb>special://skin/extras/icons/card.png</thumb>
		<action>http://ooyalahd2-f.akamaihd.net/i/crtv01_delivery@329705/index_1164_av-b.m3u8</action>
	</shortcut>
	<shortcut>
		<defaultID/>
		<label>WWE</label>
		<label2>Custom item</label2>
		<icon>DefaultShortcut.png</icon>
		<thumb>special://skin/extras/icons/wwe.png</thumb>
		<action>ActivateWindow(VideoLibrary,&quot;plugin://plugin.video.all_wrestling&quot;,return)</action>
	</shortcut>
	<shortcut>
		<defaultID/>
		<label>כדורסל NBA</label>
		<label2>Custom item</label2>
		<icon>DefaultShortcut.png</icon>
		<thumb>special://skin/extras/icons/nba.png</thumb>
		<action>PlayMedia(&quot;plugin://plugin.video.phstreams/?action=play&amp;url=%3Csublink%3Ehttp%3A%2F%2Fwww.wiz1.net%2Fwatchnba%3C%2Fsublink%3E%3Csublink%3Ehttp%3A%2F%2Ffirstrowfr.eu%2Fwatch%2F329418%2F1%2Fwatch-nba-tv.html%3C%2Fsublink%3E%3Csublink%3Ehttp%3A%2F%2Ffirstrowfr.eu%2Fwatch%2F329418%2F2%2Fwatch-nba-tv.html%3C%2Fsublink%3E&quot;,return)</action>
	</shortcut>
	<shortcut>
		<defaultID/>
		<label>Sky Sports</label>
		<label2>Custom item</label2>
		<icon>DefaultShortcut.png</icon>
		<thumb>special://skin/extras/icons/Footbal.png</thumb>
		<action>PlayMedia(&quot;plugin://plugin.video.phstreams/?action=play&amp;url=%3Csublink%3Ehttp%3A%2F%2Fwww.ibrod.tv%2Fskysports1.html%3C%2Fsublink%3E%3Csublink%3Ehttp%3A%2F%2Ffirstrowfr.eu%2Fwatch%2F411012%2F1%2Fwatch-sky-sports-1.html%3C%2Fsublink%3E%3Csublink%3Ehttp%3A%2F%2Fhdfree.tv%2Fwatch%2F2%2Fsky-sports-1.html%3C%2Fsublink%3E%3Csublink%3Ehttp%3A%2F%2Fzunox.hk%2Fsky1frame.html%3C%2Fsublink%3E&quot;,return)</action>
	</shortcut>
	<shortcut>
		<defaultID/>
		<label>ערוץ הטלוויזיה של ריאל מדריד</label>
		<label2>Custom shortcut</label2>
		<icon>DefaultShortcut.png</icon>
		<thumb>special://skin/extras/icons/soccer.png</thumb>
		<action>PlayMedia(&quot;plugin://plugin.video.anarchitv/?url=http%3A%2F%2Frmtvlive-lh.akamaihd.net%2Fi%2Frmtv_1%40154306%2Fmaster.m3u8&amp;mode=1&amp;name=%D7%A8%D7%99%D7%90%D7%9C+%D7%9E%D7%93%D7%A8%D7%99%D7%93+%D7%98%D7%99%D7%95%D7%99+%5BCOLOR+blue%5D+%5B%5B%2FCOLOR%5D%5BCOLOR+green%5D%D7%A1%D7%A4%D7%95%D7%A8%D7%98%5B%2FCOLOR%5D%5BCOLOR+blue%5D%5D%5B%2FCOLOR%5D&amp;iconimage=%2FUsers%2Faviabeksis%2FLibrary%2FApplication+Support%2FKodi%2Faddons%2Fplugin.video.anarchitv%2Fresources%2Ficons%2Ficon.png&quot;,return)</action>
	</shortcut>
	<shortcut>
		<defaultID/>
		<label>סנוקר</label>
		<label2>Custom item</label2>
		<icon>DefaultShortcut.png</icon>
		<thumb>special://skin/extras/icons/snoker.png</thumb>
		<action>ActivateWindow(VideoLibrary,&quot;plugin://plugin.video.snooker&quot;,return)</action>
	</shortcut>
	<shortcut>
		<defaultID/>
		<label>Eurosport 1</label>
		<label2>Custom item</label2>
		<icon>DefaultShortcut.png</icon>
		<thumb>special://skin/extras/icons/eurosport.png</thumb>
		<action>PlayMedia(&quot;plugin://plugin.video.phstreams/?action=play&amp;url=%3Csublink%3Ehttp%3A%2F%2Fwww.ibrod.tv%2Feurosports1.html%3C%2Fsublink%3E%3Csublink%3Ehttp%3A%2F%2Fhdfree.tv%2Fwatch%2F10%2Feuro-sport-live-stream.html%3C%2Fsublink%3E%3Csublink%3Ehttp%3A%2F%2Fzunox.hk%2Feurosportframe.html%3C%2Fsublink%3E&quot;,return)</action>
	</shortcut>
	<shortcut>
		<defaultID/>
		<label>Eurosport 2</label>
		<label2>Custom item</label2>
		<icon>DefaultShortcut.png</icon>
		<thumb>special://skin/extras/icons/eurosport.png</thumb>
		<action>PlayMedia(&quot;plugin://plugin.video.phstreams/?action=play&amp;url=%3Csublink%3Ehttp%3A%2F%2Fwww.ibrod.tv%2Feurosports2.html%3C%2Fsublink%3E%3Csublink%3Ehttp%3A%2F%2Fhdfree.tv%2Fwatch%2F11%2Feuro-sport-2-live-stream.html%3C%2Fsublink%3E%3Csublink%3Ehttp%3A%2F%2Fzunox.hk%2Feurosport2frame.html%3C%2Fsublink%3E&quot;,return)</action>
	</shortcut>
	<shortcut>
		<defaultID/>
		<label>פוקס ספורט HD</label>
		<label2>Custom item</label2>
		<icon>DefaultShortcut.png</icon>
		<thumb>special://profile/addon_data/script.skinshortcuts/skin.eminence.zeev-thumb-פוקס ספורט HD.png</thumb>
		<action>PlayMedia(&quot;plugin://plugin.video.phstreams/?action=play&amp;url=%3Csublink%3Ehttp%3A%2F%2Fooyalahd2-f.akamaihd.net%2Fi%2Feslax17_delivery%40349499%2Fmaster.m3u8%3C%2Fsublink%3E%3Csublink%3Ehttp%3A%2F%2Fgoatd.net%2F44486%2Fwatch-fox-sports-1%3C%2Fsublink%3E%3Csublink%3Ehttp%3A%2F%2Fzunox.hk%2Ffoxsports1frame.php%3C%2Fsublink%3E&quot;,return)</action>
	</shortcut>
</shortcuts>