<?xml version="1.0" encoding="utf-8"?><shortcuts>
	<shortcut>
		<defaultID/>
		<label>ערוץ 10</label>
		<label2>Custom shortcut</label2>
		<icon>DefaultShortcut.png</icon>
		<thumb>special://profile/addon_data/script.skinshortcuts/skin.eminence.zeev-thumb-ערוץ 10.png</thumb>
		<action>ActivateWindow(10025,&quot;plugin://plugin.video.ilten&quot;,return)</action>
	</shortcut>
	<shortcut>
		<defaultID/>
		<label>ערוץ 2 - רשת</label>
		<label2>Custom item</label2>
		<icon>DefaultShortcut.png</icon>
		<thumb>special://profile/addon_data/script.skinshortcuts/skin.eminence.zeev-thumb-ערוץ 2 - רשת.png</thumb>
		<action>ActivateWindow(VideoLibrary,&quot;plugin://plugin.video.reshet.video/?category=14830&quot;,return)</action>
	</shortcut>
	<shortcut>
		<defaultID/>
		<label>וואלה</label>
		<label2>Custom shortcut</label2>
		<icon>DefaultShortcut.png</icon>
		<thumb>special://profile/addon_data/script.skinshortcuts/skin.eminence.zeev-thumb-וואלה.png</thumb>
		<action>ActivateWindow(10025,&quot;plugin://plugin.video.wallaNew.video&quot;,return)</action>
	</shortcut>
	<shortcut>
		<defaultID/>
		<label>Sdarot.TV</label>
		<label2>Custom item</label2>
		<icon>DefaultShortcut.png</icon>
		<thumb>special://profile/addon_data/script.skinshortcuts/skin.eminence.zeev-thumb-Sdarot.TV.png</thumb>
		<action>ActivateWindow(VideoLibrary,&quot;plugin://plugin.video.sdarot.tv&quot;,return)</action>
	</shortcut>
	<shortcut>
		<defaultID/>
		<label>ערוץ 1</label>
		<label2>Custom item</label2>
		<icon>DefaultShortcut.png</icon>
		<thumb>special://skin/extras/icons/Channel_1.png</thumb>
		<action>ActivateWindow(VideoLibrary,&quot;plugin://plugin.video.IBA&quot;,return)</action>
	</shortcut>
	<shortcut>
		<defaultID/>
		<label>הוט</label>
		<label2>Custom shortcut</label2>
		<icon>DefaultShortcut.png</icon>
		<thumb>special://profile/addon_data/script.skinshortcuts/skin.eminence.zeev-thumb-הוט.png</thumb>
		<action>ActivateWindow(10025,&quot;plugin://plugin.video.hotVOD.video&quot;,return)</action>
	</shortcut>
	<shortcut>
		<defaultID/>
		<label>מאקו TheWeb</label>
		<label2>Custom shortcut</label2>
		<icon>DefaultShortcut.png</icon>
		<thumb>special://profile/addon_data/script.skinshortcuts/skin.eminence.zeev-thumb-מאקו TheWeb.png</thumb>
		<action>ActivateWindow(10025,&quot;plugin://plugin.video.MakoTV&quot;,return)</action>
	</shortcut>
</shortcuts>