<?xml version="1.0" encoding="utf-8"?><shortcuts>
	<shortcut>
		<defaultID/>
		<label>גורדון רמזי</label>
		<label2>Custom item</label2>
		<icon>DefaultShortcut.png</icon>
		<thumb>special://skin/extras/icons/Gordon_Ramsays.png</thumb>
		<action>ActivateWindow(VideoLibrary,&quot;plugin://plugin.video.gordon.ura.cz&quot;,return)</action>
	</shortcut>
	<shortcut>
		<defaultID/>
		<label>גיימי אוליבר</label>
		<label2>Custom item</label2>
		<icon>DefaultShortcut.png</icon>
		<thumb>special://skin/extras/icons/James_Oliver.png</thumb>
		<action>ActivateWindow(VideoLibrary,&quot;plugin://plugin.video.youtube/user/JamieOliver/&quot;,return)</action>
	</shortcut>
	<shortcut>
		<defaultID/>
		<label> America’s Test Kitchen</label>
		<label2>Custom item</label2>
		<icon>DefaultShortcut.png</icon>
		<thumb>special://skin/extras/icons/Recipes.png</thumb>
		<action>ActivateWindow(VideoLibrary,&quot;plugin://plugin.video.youtube/user/americastestkitchen/&quot;,return)</action>
	</shortcut>
	<shortcut>
		<defaultID/>
		<label>הכנת עוגות</label>
		<label2>Custom item</label2>
		<icon>DefaultShortcut.png</icon>
		<thumb>special://skin/extras/icons/cake.png</thumb>
		<action>ActivateWindow(VideoLibrary,&quot;plugin://plugin.video.youtube/user/CakeVideosfromexpert/&quot;,return)</action>
	</shortcut>
	<shortcut>
		<defaultID/>
		<label>פשוט לאפות</label>
		<label2>Custom item</label2>
		<icon>DefaultShortcut.png</icon>
		<thumb>special://skin/extras/icons/bake.png</thumb>
		<action>ActivateWindow(VideoLibrary,&quot;plugin://plugin.video.youtube/user/SimplyBakings/&quot;,return)</action>
	</shortcut>
	<shortcut>
		<defaultID/>
		<label>One-pot Recipes</label>
		<label2>Custom item</label2>
		<icon>DefaultShortcut.png</icon>
		<thumb>special://skin/extras/icons/Recipes.png</thumb>
		<action>ActivateWindow(VideoLibrary,&quot;plugin://plugin.video.youtube/user/OnePotChefShow/&quot;,return)</action>
	</shortcut>
	<shortcut>
		<defaultID/>
		<label>Laura in The Kitchen</label>
		<label2>Custom item</label2>
		<icon>DefaultShortcut.png</icon>
		<thumb>special://skin/extras/icons/kitchen.png</thumb>
		<action>ActivateWindow(VideoLibrary,&quot;plugin://plugin.video.youtube/user/LauraVitalesKitchen/&quot;,return)</action>
	</shortcut>
	<shortcut>
		<defaultID/>
		<label>מטבח הודי</label>
		<label2>Custom item</label2>
		<icon>DefaultShortcut.png</icon>
		<thumb>special://skin/extras/icons/Recipes.png</thumb>
		<action>ActivateWindow(VideoLibrary,&quot;plugin://plugin.video.youtube/user/Indiafoodnetwork/&quot;,return)</action>
	</shortcut>
	<shortcut>
		<defaultID/>
		<label>Bettys Kitchen</label>
		<label2>Custom item</label2>
		<icon>DefaultShortcut.png</icon>
		<thumb>special://skin/extras/icons/Recipes.png</thumb>
		<action>ActivateWindow(VideoLibrary,&quot;plugin://plugin.video.youtube/user/bettyskitchen/&quot;,return)</action>
	</shortcut>
	<shortcut>
		<defaultID/>
		<label>BBQ Pit Boys</label>
		<label2>Custom item</label2>
		<icon>DefaultShortcut.png</icon>
		<thumb>special://skin/extras/icons/meat.png</thumb>
		<action>ActivateWindow(VideoLibrary,&quot;plugin://plugin.video.youtube/user/BarbecueWeb/&quot;,return)</action>
	</shortcut>
</shortcuts>