<?xml version="1.0" encoding="utf-8"?><shortcuts>
	<shortcut>
		<defaultID/>
		<label>אוסף שירים ישראלים ומעולם</label>
		<label2>Custom item</label2>
		<icon>DefaultShortcut.png</icon>
		<thumb>special://profile/addon_data/script.skinshortcuts/skin.eminence.zeev-thumb-אוסף שירים ישראלים ומעולם.png</thumb>
		<action>ActivateWindow(VideoLibrary,&quot;plugin://plugin.video.Vodil/?url=url&amp;mode=13&amp;name=%D7%9E%D7%95%D7%A1%D7%99%D7%A7%D7%94&quot;,return)</action>
	</shortcut>
	<shortcut>
		<defaultID/>
		<label>מוזיקה מזרחית</label>
		<label2>Custom item</label2>
		<icon>DefaultShortcut.png</icon>
		<thumb>special://profile/addon_data/script.skinshortcuts/skin.eminence.zeev-thumb-מוזיקה מזרחית.png</thumb>
		<action>ActivateWindow(MusicLibrary,&quot;plugin://plugin.video.atraf&quot;,return)</action>
	</shortcut>
	<shortcut>
		<defaultID/>
		<label>מוזיקה יוונית</label>
		<label2>Custom item</label2>
		<icon>DefaultShortcut.png</icon>
		<thumb>special://skin/extras/icons/microphone.png</thumb>
		<action>ActivateWindow(MusicLibrary,&quot;plugin://plugin.video.featherence.music/?url=%2FUsers%2Faviabeksis%2FLibrary%2FApplication+Support%2FKodi%2Faddons%2Fplugin.video.featherence.music%2Fresources%2Ftemplates2%2FGreek+Music.txt&amp;mode=2&amp;name=Greek+Music&amp;iconimage=http%3A%2F%2Fwww.bestarabicmusic.net%2Fwp-content%2Fuploads%2F2012%2F07%2Farab-oud-300x220.jpg&amp;desc=%D7%90%D7%9E%D7%99%D7%A8+%D7%90%D7%9C%D7%92%D7%96%D7%A8+%D7%A4%D7%9C%D7%99%D7%99%D7%9C%D7%99%D7%A1%D7%98%D7%99%D7%9D%0A%D7%94%D7%A2%D7%A8%D7%99%D7%9B%D7%94+%D7%95%D7%94%D7%91%D7%A7%D7%A9%D7%94+%D7%A9%D7%9C+%D7%97%D7%91%D7%A8%D7%99%D7%A0%D7%95+%D7%9C%D7%A7%D7%91%D7%95%D7%A6%D7%94+Yehuda+Belhasin&amp;num=1&amp;viewtype=50&amp;fanart=https://aranui.com/wp-content/uploads/2014/11/borabora.jpg&quot;,return)</action>
	</shortcut>
	<shortcut>
		<defaultID/>
		<label>מוזיקה ישראלית</label>
		<label2>Custom shortcut</label2>
		<icon>DefaultShortcut.png</icon>
		<thumb>special://skin/extras/icons/controlpanel.png</thumb>
		<action>ActivateWindow(10502,&quot;plugin://plugin.video.featherence.music/?url=None&amp;mode=101&amp;name=%D7%9E%D7%95%D7%96%D7%99%D7%A7%D7%94+%D7%99%D7%A9%D7%A8%D7%90%D7%9C%D7%99%D7%AA&amp;iconimage=%2FUsers%2Faviabeksis%2FLibrary%2FApplication+Support%2FKodi%2Faddons%2Fscript.featherence.service%2Fresources%2Ficons%2Fsod.png&amp;desc=%5BCOLOR%3Dyellow%5D%D7%9B%D7%9C+%D7%94%D7%96%D7%9E%D7%A8%D7%99%D7%9D+%D7%94%D7%99%D7%A9%D7%A8%D7%90%D7%9C%D7%99%D7%9D%21%5B%2FCOLOR%5D%5BCR%5D%5BCR%5D&amp;num=1&amp;viewtype=50&amp;fanart=/Users/aviabeksis/Library/Application Support/Kodi/addons/plugin.video.featherence.music/fanart.jpg&quot;,return)</action>
	</shortcut>
	<shortcut>
		<defaultID/>
		<label>מוזיקה לועזית</label>
		<label2>Custom shortcut</label2>
		<icon>DefaultShortcut.png</icon>
		<thumb>special://profile/addon_data/script.skinshortcuts/skin.eminence.zeev-thumb-מוזיקה לועזית.png</thumb>
		<action>ActivateWindow(10502,&quot;plugin://plugin.video.featherence.music/?url=None&amp;mode=11101&amp;name=%D7%9E%D7%95%D7%96%D7%99%D7%A7%D7%94+%D7%9C%D7%95%D7%A2%D7%96%D7%99%D7%AA&amp;iconimage=%2FUsers%2Faviabeksis%2FLibrary%2FApplication+Support%2FKodi%2Faddons%2Fscript.featherence.service%2Fresources%2Ficons%2Fmusic.png&amp;desc=%5BCOLOR%3Dyellow%5D%D7%9B%D7%9C+%D7%94%D7%96%D7%9E%D7%A8%D7%99%D7%9D+%D7%94%D7%9E%D7%95%D7%91%D7%99%D7%9C%D7%99%D7%9D+%D7%9E%D7%97%D7%95%22%D7%9C%21%5B%2FCOLOR%5D%5BCR%5D%5BCR%5D&amp;num=1&amp;viewtype=58&amp;fanart=/Users/aviabeksis/Library/Application Support/Kodi/addons/plugin.video.featherence.music/fanart.jpg&quot;,return)</action>
	</shortcut>
	<shortcut>
		<defaultID/>
		<label>TLV Music</label>
		<label2>Custom shortcut</label2>
		<icon>DefaultShortcut.png</icon>
		<thumb>special://profile/addon_data/script.skinshortcuts/skin.eminence.zeev-thumb-TLV Music.png</thumb>
		<action>ActivateWindow(10502,&quot;plugin://plugin.video.tlvmusic&quot;,return)</action>
	</shortcut>
	<shortcut>
		<defaultID/>
		<label>MTV Music</label>
		<label2>Custom item</label2>
		<icon>DefaultShortcut.png</icon>
		<thumb>special://skin/extras/icons/mtv.png</thumb>
		<action>ActivateWindow(MusicLibrary,&quot;plugin://plugin.video.mdmtvuk&quot;,return)</action>
	</shortcut>
	<shortcut>
		<defaultID/>
		<label>ערוצי רדיו</label>
		<label2>Custom shortcut</label2>
		<icon>DefaultShortcut.png</icon>
		<thumb>special://profile/addon_data/script.skinshortcuts/skin.eminence.zeev-thumb-ערוצי רדיו.png</thumb>
		<action>ActivateWindow(RadioChannels)</action>
	</shortcut>
	<shortcut>
		<defaultID/>
		<label>הופעות חיות מחו״ל</label>
		<label2>Custom shortcut</label2>
		<icon>DefaultShortcut.png</icon>
		<thumb>special://skin/extras/icons/microphone.png</thumb>
		<action>ActivateWindow(10502,&quot;plugin://plugin.video.featherence.music/?url=None&amp;mode=11104&amp;name=%D7%94%D7%95%D7%A4%D7%A2%D7%95%D7%AA+%D7%97%D7%99%D7%95%D7%AA+%D7%9E%D7%97%D7%95%22%D7%9C&amp;iconimage=%2FUsers%2Faviabeksis%2FLibrary%2FApplication+Support%2FKodi%2Faddons%2Fscript.featherence.service%2Fresources%2Ficons%2Fguitar.png&amp;desc=%5BCOLOR%3Dyellow%5D%D7%9B%D7%9C+%D7%94%D7%95%D7%A4%D7%A2%D7%95%D7%AA+%D7%94%D7%96%D7%9E%D7%A8%D7%99%D7%9D+%D7%9E%D7%97%D7%95%22%D7%9C%21%5B%2FCOLOR%5D%5BCR%5D%5BCR%5D&amp;num=1&amp;viewtype=58&amp;fanart=/Users/aviabeksis/Library/Application Support/Kodi/addons/plugin.video.featherence.music/fanart.jpg&quot;,return)</action>
	</shortcut>
	<shortcut>
		<defaultID/>
		<label>99 FM</label>
		<label2>Custom shortcut</label2>
		<icon>DefaultShortcut.png</icon>
		<thumb>special://profile/addon_data/script.skinshortcuts/skin.eminence.zeev-thumb-99 FM.png</thumb>
		<action>ActivateWindow(10502,&quot;plugin://plugin.audio.99fm-playlists&quot;,return)</action>
	</shortcut>
	<shortcut>
		<defaultID/>
		<label>קריוקי</label>
		<label2>Custom item</label2>
		<icon>DefaultShortcut.png</icon>
		<thumb>special://skin/extras/icons/microphone.png</thumb>
		<action>ActivateWindow(VideoLibrary,&quot;plugin://plugin.video.karaoketv&quot;,return)</action>
	</shortcut>
</shortcuts>