<?xml version="1.0" encoding="utf-8"?><shortcuts>
	<shortcut>
		<defaultID/>
		<label>טלויזיה חיה - AnarchiTV</label>
		<label2>Custom item</label2>
		<icon>DefaultShortcut.png</icon>
		<thumb>special://profile/addon_data/script.skinshortcuts/skin.eminence.zeev-thumb-טלויזיה חיה - AnarchiTV.png</thumb>
		<action>ActivateWindow(MyPVR)</action>
	</shortcut>
	<shortcut>
		<defaultID/>
		<label>ערוצי טלויזיה מהעולם - Illuminati</label>
		<label2>Custom item</label2>
		<icon>DefaultShortcut.png</icon>
		<thumb>special://profile/addon_data/script.skinshortcuts/skin.eminence.zeev-thumb-ערוצי טלויזיה מהעולם - Illuminati.png</thumb>
		<action>ActivateWindow(VideoLibrary,&quot;plugin://plugin.video.uktvnow/?url=0&amp;mode=1&amp;name=All+Channels&amp;description=&quot;,return)</action>
	</shortcut>
	<shortcut>
		<defaultID/>
		<label>ערוצים מכל העולם</label>
		<label2>Custom item</label2>
		<icon>DefaultShortcut.png</icon>
		<thumb>special://profile/addon_data/script.skinshortcuts/skin.eminence.zeev-thumb-ערוצים מכל העולם.png</thumb>
		<action>ActivateWindow(VideoLibrary,&quot;plugin://plugin.video.playlistLoader/?url=http%3A%2F%2Ftesters-inc.com%2Ftest-tv&amp;mode=2&amp;name=%5BCOLOR+blue%5D%5B%D7%98%D7%9C%D7%95%D7%99%D7%96%D7%99%D7%94+%D7%9E%D7%94%D7%A2%D7%95%D7%9C%D7%9D%5D%5B%2FCOLOR%5D&amp;iconimage=&amp;logos=&amp;index=0&amp;move=0&quot;,return)</action>
	</shortcut>
</shortcuts>