<?xml version="1.0" encoding="utf-8"?><shortcuts>
	<shortcut>
		<defaultID/>
		<label>סרטי תלת מימד - תרגום</label>
		<label2>Custom item</label2>
		<icon>DefaultShortcut.png</icon>
		<thumb>special://profile/addon_data/script.skinshortcuts/skin.eminence.zeev-thumb-סרטי תלת מימד - תרגום.png</thumb>
		<action>ActivateWindow(VideoLibrary,&quot;plugin://plugin.video.sbs3d&quot;,return)</action>
	</shortcut>
	<shortcut>
		<defaultID/>
		<label>סרטים בתלת מימד - אנגלית</label>
		<label2>Custom item</label2>
		<icon>DefaultShortcut.png</icon>
		<thumb>special://profile/addon_data/script.skinshortcuts/skin.eminence.zeev-thumb-סרטים בתלת מימד - אנגלית.png</thumb>
		<action>ActivateWindow(VideoLibrary,&quot;plugin://plugin.video.phstreams/?action=directory&amp;url=http%3A%2F%2Ftnpb.offshorepastebin.com%2FMovies%2F3D%2520Movies.xml&quot;,return)</action>
	</shortcut>
	<shortcut>
		<defaultID/>
		<label>סרטי תחת מימד - אנגלית 2</label>
		<label2>Custom item</label2>
		<icon>DefaultShortcut.png</icon>
		<thumb>special://skin/extras/icons/</thumb>
		<action>ActivateWindow(VideoLibrary,&quot;plugin://plugin.video.titan/?url=https%3A%2F%2Farchive.org%2Fdownload%2FNaviXPlaylist%2F3D.xml&amp;mode=6&amp;name=%5BCOLOR+aqua%5D+3D+%5B%2FCOLOR%5D&amp;iconimage=http%3A%2F%2Fi67.tinypic.com%2F14uq6o.jpg&amp;description=&quot;,return)</action>
	</shortcut>
</shortcuts>