<?xml version="1.0" encoding="utf-8"?><shortcuts>
	<shortcut>
		<defaultID>music</defaultID>
		<label>43785</label>
		<label2>Common Shortcut</label2>
		<icon>special://skin/extras/icons/infinity.png</icon>
		<thumb/>
		<action>ActivateWindow(Music,$INFO[Window(home).Property(librarynode)],return)</action>
	</shortcut>
	<shortcut>
		<defaultID/>
		<label>שרים קריוקי</label>
		<label2>Custom item</label2>
		<icon>DefaultShortcut.png</icon>
		<thumb>special://profile/addon_data/script.skinshortcuts/skin.eminence.zeev-thumb-שרים קריוקי.png</thumb>
		<action>ActivateWindow(VideoLibrary,&quot;plugin://plugin.video.shrimkareoke&quot;,return)</action>
	</shortcut>
	<shortcut>
		<defaultID/>
		<label>43760</label>
		<label2>הרחבת וידאו</label2>
		<icon>special://skin/extras/icons/play2.png</icon>
		<thumb>special://profile/addon_data/script.skinshortcuts/skin.eminence.zeev-thumb-43760.png</thumb>
		<action>ActivateWindow(10025,&quot;plugin://plugin.audio.99fm-playlists&quot;,return)</action>
	</shortcut>
	<shortcut>
		<defaultID/>
		<label>43761</label>
		<label2>הרחבת וידאו</label2>
		<icon>special://skin/extras/icons/play2.png</icon>
		<thumb>special://profile/addon_data/script.skinshortcuts/skin.eminence.zeev-thumb-43761.png</thumb>
		<action>ActivateWindow(10025,&quot;plugin://plugin.audio.100fm&quot;,return)</action>
	</shortcut>
	<shortcut>
		<defaultID/>
		<label>43759</label>
		<label2>הרחבות מוזיקה</label2>
		<icon>special://skin/extras/icons/play2.png</icon>
		<thumb>special://profile/addon_data/script.skinshortcuts/skin.eminence.zeev-thumb-43759.png</thumb>
		<action>ActivateWindow(10025,&quot;plugin://plugin.video.featherence.music&quot;,return)</action>
	</shortcut>
	<shortcut>
		<defaultID/>
		<label>43762</label>
		<label2>הרחבת וידאו</label2>
		<icon>special://skin/extras/icons/play2.png</icon>
		<thumb>special://profile/addon_data/script.skinshortcuts/skin.eminence.zeev-thumb-43762.png</thumb>
		<action>ActivateWindow(10025,&quot;plugin://plugin.video.kmusictube&quot;,return)</action>
	</shortcut>
	<shortcut>
		<defaultID/>
		<label>43764</label>
		<label2>הרחבת וידאו</label2>
		<icon>special://skin/extras/icons/play2.png</icon>
		<thumb>special://profile/addon_data/script.skinshortcuts/skin.eminence.zeev-thumb-43764.png</thumb>
		<action>ActivateWindow(10025,&quot;plugin://plugin.audio.tunir&quot;,return)</action>
	</shortcut>
	<shortcut>
		<defaultID/>
		<label>43763</label>
		<label2>הרחבת וידאו</label2>
		<icon>special://skin/extras/icons/play2.png</icon>
		<thumb>special://profile/addon_data/script.skinshortcuts/skin.eminence.zeev-thumb-43763.png</thumb>
		<action>ActivateWindow(10025,&quot;plugin://plugin.audio.housemixes&quot;,return)</action>
	</shortcut>
	<shortcut>
		<defaultID>radio</defaultID>
		<label>43786</label>
		<label2>Common Shortcut</label2>
		<icon>special://skin/extras/icons/play2.png</icon>
		<thumb>special://skin/extras/icons/</thumb>
		<action>ActivateWindow(MusicLibrary,Addons,return)</action>
	</shortcut>
	<shortcut>
		<defaultID>19140</defaultID>
		<label>19140</label>
		<label2>מוזיקה</label2>
		<icon>DefaultShortcut.png</icon>
		<thumb>special://profile/addon_data/script.skinshortcuts/skin.eminence.zeev-thumb-19140.png</thumb>
		<action>RunScript(script.skin.helper.service,action=musicsearch)</action>
	</shortcut>
	<shortcut>
		<defaultID>1038</defaultID>
		<label>1038</label>
		<label2>מוזיקה</label2>
		<icon>special://skin/extras/icons/play2.png</icon>
		<thumb/>
		<action>ActivateWindow(MusicLibrary,Addons,return)</action>
	</shortcut>
</shortcuts>